system,order,variant,parameter,quantity,value
jac,input,T,,sort_us,81.2083
jac,input,T,,keys_us,2.46272
jac,input,T,level=2,leaf_side_A,15.5575
jac,input,T,level=2,atoms_per_leaf,368.094
jac,input,T,level=2,fullest_leaf,412
jac,input,T,level=2,capacity_eq8,553
jac,input,T,level=2,atoms_over_eq8,0
jac,input,T,level=2,capacity_used,553
jac,input,T,level=2,bytes,521380
jac,input,T,level=2,candidates_per_atom_box,3073.56
jac,input,T,level=2,candidates_per_atom_sphere,2627.21
jac,input,T,level=2,pairs_per_atom,209.28
jac,input,T,level=2,query_box_leaves_cell_fraction,0.582902
jac,input,T,level=2;height=0,climb_periodic,0
jac,input,T,level=2;height=1,climb_periodic,0.114101
jac,input,T,level=2;height=2,climb_periodic,0.885899
jac,input,T,level=2;height=0,climb_not_periodic,0.01439
jac,input,T,level=2;height=1,climb_not_periodic,0.394388
jac,input,T,level=2;height=2,climb_not_periodic,0.591222
jac,input,T,level=2,search_box_us,2564.11
jac,input,T,level=2,search_sphere_us,1819.58
jac,input,T,level=2,search_energy_virial_us,1843.68
jac,input,T,level=2,search_unsorted_threads_us,2453.68
jac,input,T,level=2,search_exclusions_us,2170.23
jac,input,T,level=2,update_find_us,7.2192
jac,input,T,level=2,update_compact_us,131.523
jac,input,T,level=2,update_insert_us,4.7728
jac,input,T,level=2,update_us,143.515
jac,input,T,level=2;height=1,update_climb,0.524887
jac,input,T,level=2;height=2,update_climb,0.475113
jac,input,T,level=2,leave_leaf_fraction_per_step,0.00140717
jac,input,T,level=2,search_box_overflow_us,2607.32
jac,input,T,level=2,overflow_atoms_buffer_1,348
jac,input,T,level=3,leaf_side_A,7.77875
jac,input,T,level=3,atoms_per_leaf,46.0117
jac,input,T,level=3,fullest_leaf,60
jac,input,T,level=3,capacity_eq8,70
jac,input,T,level=3,atoms_over_eq8,0
jac,input,T,level=3,capacity_used,70
jac,input,T,level=3,bytes,543396
jac,input,T,level=3,candidates_per_atom_box,1314.63
jac,input,T,level=3,candidates_per_atom_sphere,998.01
jac,input,T,level=3,pairs_per_atom,209.28
jac,input,T,level=3,query_box_leaves_cell_fraction,0.582902
jac,input,T,level=3;height=0,climb_periodic,0
jac,input,T,level=3;height=1,climb_periodic,0
jac,input,T,level=3;height=2,climb_periodic,0.114101
jac,input,T,level=3;height=3,climb_periodic,0.885899
jac,input,T,level=3;height=0,climb_not_periodic,0
jac,input,T,level=3;height=1,climb_not_periodic,0.01439
jac,input,T,level=3;height=2,climb_not_periodic,0.394388
jac,input,T,level=3;height=3,climb_not_periodic,0.591222
jac,input,T,level=3,search_box_us,1336.76
jac,input,T,level=3,search_sphere_us,1002.82
jac,input,T,level=3,search_energy_virial_us,1026.4
jac,input,T,level=3,search_unsorted_threads_us,1232.49
jac,input,T,level=3,search_exclusions_us,1298.02
jac,input,T,level=3,update_find_us,6.3792
jac,input,T,level=3,update_compact_us,19.2432
jac,input,T,level=3,update_insert_us,4.7696
jac,input,T,level=3,update_us,30.392
jac,input,T,level=3;height=1,update_climb,0.495817
jac,input,T,level=3;height=2,update_climb,0.264639
jac,input,T,level=3;height=3,update_climb,0.239544
jac,input,T,level=3,leave_leaf_fraction_per_step,0.00279098
jac,input,T,level=3,search_box_overflow_us,1472.51
jac,input,T,level=3,overflow_atoms_buffer_1,714
jac,input,T,level=4,leaf_side_A,3.88937
jac,input,T,level=4,atoms_per_leaf,5.75146
jac,input,T,level=4,fullest_leaf,13
jac,input,T,level=4,capacity_eq8,9
jac,input,T,level=4,atoms_over_eq8,137
jac,input,T,level=4,capacity_used,13
jac,input,T,level=4,bytes,774820
jac,input,T,level=4,candidates_per_atom_box,768.269
jac,input,T,level=4,candidates_per_atom_sphere,515.211
jac,input,T,level=4,pairs_per_atom,209.28
jac,input,T,level=4,query_box_leaves_cell_fraction,0.582902
jac,input,T,level=4;height=0,climb_periodic,0
jac,input,T,level=4;height=1,climb_periodic,0
jac,input,T,level=4;height=2,climb_periodic,0
jac,input,T,level=4;height=3,climb_periodic,0.114101
jac,input,T,level=4;height=4,climb_periodic,0.885899
jac,input,T,level=4;height=0,climb_not_periodic,0
jac,input,T,level=4;height=1,climb_not_periodic,0
jac,input,T,level=4;height=2,climb_not_periodic,0.01439
jac,input,T,level=4;height=3,climb_not_periodic,0.394388
jac,input,T,level=4;height=4,climb_not_periodic,0.591222
jac,input,T,level=4,search_box_us,1737.16
jac,input,T,level=4,search_sphere_us,902.139
jac,input,T,level=4,search_energy_virial_us,920.361
jac,input,T,level=4,search_unsorted_threads_us,1033.91
jac,input,T,level=4,search_exclusions_us,1118.25
jac,input,T,level=4,update_find_us,7.3408
jac,input,T,level=4,update_compact_us,6.9648
jac,input,T,level=4,update_insert_us,4.768
jac,input,T,level=4,update_us,19.0736
jac,input,T,level=4;height=1,update_climb,0.507306
jac,input,T,level=4;height=2,update_climb,0.244286
jac,input,T,level=4;height=3,update_climb,0.130386
jac,input,T,level=4;height=4,update_climb,0.118022
jac,input,T,level=4,leave_leaf_fraction_per_step,0.00566474
jac,input,T,level=4,search_box_overflow_us,2205.06
jac,input,T,level=4,overflow_atoms_buffer_1,2505
jac,input,T,,best_level,4
jac,input,T,,best_search_us,902.139
jac,input,G,divisor=1,grid_sort_us,30.955
jac,input,G,divisor=1,candidates_per_atom,1854.25
jac,input,G,divisor=1,pairs_per_atom,209.28
jac,input,G,divisor=1,bytes,663752
jac,input,G,divisor=1,search_thread_us,498.534
jac,input,G,divisor=1,search_warp_us,235.331
jac,input,G,divisor=1,search_energy_virial_us,557.394
jac,input,G,divisor=1,search_thread_exclusions_us,631.188
jac,input,G,divisor=1,search_warp_exclusions_us,252.718
jac,input,G,divisor=2,grid_sort_us,26.7981
jac,input,G,divisor=2,candidates_per_atom,872.405
jac,input,G,divisor=2,pairs_per_atom,209.28
jac,input,G,divisor=2,bytes,700136
jac,input,G,divisor=2,search_thread_us,344.402
jac,input,G,divisor=2,search_warp_us,325.474
jac,input,G,divisor=2,search_energy_virial_us,373.366
jac,input,G,divisor=2,search_thread_exclusions_us,421.868
jac,input,G,divisor=2,search_warp_exclusions_us,309.54
jac,input,G,divisor=3,grid_sort_us,26.7264
jac,input,G,divisor=3,candidates_per_atom,663.827
jac,input,G,divisor=3,pairs_per_atom,209.28
jac,input,G,divisor=3,bytes,805640
jac,input,G,divisor=3,search_thread_us,328.689
jac,input,G,divisor=3,search_warp_us,523.034
jac,input,G,divisor=3,search_energy_virial_us,349.727
jac,input,G,divisor=3,search_thread_exclusions_us,411.464
jac,input,G,divisor=3,search_warp_exclusions_us,540.329
jac,input,M,reach=9.000000,entries_per_atom,297.951
jac,input,M,reach=9.000000,widest_row,355
jac,input,M,reach=9.000000,bytes_entries,2.81707e+07
jac,input,M,reach=9.000000,bytes_rows,3.35466e+07
jac,input,T,level=4;steps_since_sort=1,search_stale_us,919.782
jac,input,T,level=4;steps_since_sort=1,search_fresh_us,909.629
jac,input,T,level=4;steps_since_sort=10,search_stale_us,904.571
jac,input,T,level=4;steps_since_sort=10,search_fresh_us,919.424
jac,input,T,level=4;steps_since_sort=100,search_stale_us,980.49
jac,input,T,level=4;steps_since_sort=100,search_fresh_us,978.053
jac,input,T,level=4;height=1,dynamics_update_climb,0.500644
jac,input,T,level=4;height=2,dynamics_update_climb,0.254186
jac,input,T,level=4;height=3,dynamics_update_climb,0.125161
jac,input,T,level=4;height=4,dynamics_update_climb,0.120009
jac,input,T,level=4,dynamics_leave_leaf_fraction_per_step,0.00560277
jac,morton,T,,sort_us,80.6758
jac,morton,T,,keys_us,2.46784
jac,morton,T,level=2,leaf_side_A,15.5575
jac,morton,T,level=2,atoms_per_leaf,368.094
jac,morton,T,level=2,fullest_leaf,412
jac,morton,T,level=2,capacity_eq8,553
jac,morton,T,level=2,atoms_over_eq8,0
jac,morton,T,level=2,capacity_used,553
jac,morton,T,level=2,bytes,521380
jac,morton,T,level=2,candidates_per_atom_box,3073.56
jac,morton,T,level=2,candidates_per_atom_sphere,2627.21
jac,morton,T,level=2,pairs_per_atom,209.28
jac,morton,T,level=2,query_box_leaves_cell_fraction,0.582902
jac,morton,T,level=2;height=0,climb_periodic,0
jac,morton,T,level=2;height=1,climb_periodic,0.114101
jac,morton,T,level=2;height=2,climb_periodic,0.885899
jac,morton,T,level=2;height=0,climb_not_periodic,0.01439
jac,morton,T,level=2;height=1,climb_not_periodic,0.394388
jac,morton,T,level=2;height=2,climb_not_periodic,0.591222
jac,morton,T,level=2,search_box_us,2167.96
jac,morton,T,level=2,search_sphere_us,1603.37
jac,morton,T,level=2,search_energy_virial_us,1629.93
jac,morton,T,level=2,search_unsorted_threads_us,1603.54
jac,morton,T,level=2,search_exclusions_us,1882.2
jac,morton,T,level=2,update_find_us,6.3728
jac,morton,T,level=2,update_compact_us,132.818
jac,morton,T,level=2,update_insert_us,4.9616
jac,morton,T,level=2,update_us,144.152
jac,morton,T,level=2;height=1,update_climb,0.508696
jac,morton,T,level=2;height=2,update_climb,0.491304
jac,morton,T,level=2,leave_leaf_fraction_per_step,0.00146447
jac,morton,T,level=2,search_box_overflow_us,2070.48
jac,morton,T,level=2,overflow_atoms_buffer_1,348
jac,morton,T,level=3,leaf_side_A,7.77875
jac,morton,T,level=3,atoms_per_leaf,46.0117
jac,morton,T,level=3,fullest_leaf,60
jac,morton,T,level=3,capacity_eq8,70
jac,morton,T,level=3,atoms_over_eq8,0
jac,morton,T,level=3,capacity_used,70
jac,morton,T,level=3,bytes,543396
jac,morton,T,level=3,candidates_per_atom_box,1314.63
jac,morton,T,level=3,candidates_per_atom_sphere,998.01
jac,morton,T,level=3,pairs_per_atom,209.28
jac,morton,T,level=3,query_box_leaves_cell_fraction,0.582902
jac,morton,T,level=3;height=0,climb_periodic,0
jac,morton,T,level=3;height=1,climb_periodic,0
jac,morton,T,level=3;height=2,climb_periodic,0.114101
jac,morton,T,level=3;height=3,climb_periodic,0.885899
jac,morton,T,level=3;height=0,climb_not_periodic,0
jac,morton,T,level=3;height=1,climb_not_periodic,0.01439
jac,morton,T,level=3;height=2,climb_not_periodic,0.394388
jac,morton,T,level=3;height=3,climb_not_periodic,0.591222
jac,morton,T,level=3,search_box_us,1037.54
jac,morton,T,level=3,search_sphere_us,802.893
jac,morton,T,level=3,search_energy_virial_us,820.198
jac,morton,T,level=3,search_unsorted_threads_us,802.376
jac,morton,T,level=3,search_exclusions_us,1375.14
jac,morton,T,level=3,update_find_us,6.2208
jac,morton,T,level=3,update_compact_us,18.4272
jac,morton,T,level=3,update_insert_us,5.016
jac,morton,T,level=3,update_us,29.664
jac,morton,T,level=3;height=1,update_climb,0.502882
jac,morton,T,level=3;height=2,update_climb,0.252882
jac,morton,T,level=3;height=3,update_climb,0.244236
jac,morton,T,level=3,leave_leaf_fraction_per_step,0.00294592
jac,morton,T,level=3,search_box_overflow_us,1235.08
jac,morton,T,level=3,overflow_atoms_buffer_1,714
jac,morton,T,level=4,leaf_side_A,3.88937
jac,morton,T,level=4,atoms_per_leaf,5.75146
jac,morton,T,level=4,fullest_leaf,13
jac,morton,T,level=4,capacity_eq8,9
jac,morton,T,level=4,atoms_over_eq8,137
jac,morton,T,level=4,capacity_used,13
jac,morton,T,level=4,bytes,774820
jac,morton,T,level=4,candidates_per_atom_box,768.269
jac,morton,T,level=4,candidates_per_atom_sphere,515.211
jac,morton,T,level=4,pairs_per_atom,209.28
jac,morton,T,level=4,query_box_leaves_cell_fraction,0.582902
jac,morton,T,level=4;height=0,climb_periodic,0
jac,morton,T,level=4;height=1,climb_periodic,0
jac,morton,T,level=4;height=2,climb_periodic,0
jac,morton,T,level=4;height=3,climb_periodic,0.114101
jac,morton,T,level=4;height=4,climb_periodic,0.885899
jac,morton,T,level=4;height=0,climb_not_periodic,0
jac,morton,T,level=4;height=1,climb_not_periodic,0
jac,morton,T,level=4;height=2,climb_not_periodic,0.01439
jac,morton,T,level=4;height=3,climb_not_periodic,0.394388
jac,morton,T,level=4;height=4,climb_not_periodic,0.591222
jac,morton,T,level=4,search_box_us,1489.22
jac,morton,T,level=4,search_sphere_us,753.756
jac,morton,T,level=4,search_energy_virial_us,770.125
jac,morton,T,level=4,search_unsorted_threads_us,753.69
jac,morton,T,level=4,search_exclusions_us,1235.93
jac,morton,T,level=4,update_find_us,7.048
jac,morton,T,level=4,update_compact_us,6.0416
jac,morton,T,level=4,update_insert_us,4.8624
jac,morton,T,level=4,update_us,17.952
jac,morton,T,level=4;height=1,update_climb,0.476819
jac,morton,T,level=4;height=2,update_climb,0.263098
jac,morton,T,level=4;height=3,update_climb,0.132303
jac,morton,T,level=4;height=4,update_climb,0.12778
jac,morton,T,level=4,leave_leaf_fraction_per_step,0.00563078
jac,morton,T,level=4,search_box_overflow_us,2023.96
jac,morton,T,level=4,overflow_atoms_buffer_1,2505
jac,morton,T,,best_level,4
jac,morton,T,,best_search_us,753.756
jac,morton,G,divisor=1,grid_sort_us,28.0576
jac,morton,G,divisor=1,candidates_per_atom,1854.25
jac,morton,G,divisor=1,pairs_per_atom,209.28
jac,morton,G,divisor=1,bytes,663752
jac,morton,G,divisor=1,search_thread_us,496.758
jac,morton,G,divisor=1,search_warp_us,226.719
jac,morton,G,divisor=1,search_energy_virial_us,552.059
jac,morton,G,divisor=1,search_thread_exclusions_us,720.123
jac,morton,G,divisor=1,search_warp_exclusions_us,261.279
jac,morton,G,divisor=2,grid_sort_us,26.3475
jac,morton,G,divisor=2,candidates_per_atom,872.405
jac,morton,G,divisor=2,pairs_per_atom,209.28
jac,morton,G,divisor=2,bytes,700136
jac,morton,G,divisor=2,search_thread_us,338.063
jac,morton,G,divisor=2,search_warp_us,325.365
jac,morton,G,divisor=2,search_energy_virial_us,364.605
jac,morton,G,divisor=2,search_thread_exclusions_us,524.063
jac,morton,G,divisor=2,search_warp_exclusions_us,316.933
jac,morton,G,divisor=3,grid_sort_us,26.1069
jac,morton,G,divisor=3,candidates_per_atom,663.827
jac,morton,G,divisor=3,pairs_per_atom,209.28
jac,morton,G,divisor=3,bytes,805640
jac,morton,G,divisor=3,search_thread_us,328.96
jac,morton,G,divisor=3,search_warp_us,529.172
jac,morton,G,divisor=3,search_energy_virial_us,349.952
jac,morton,G,divisor=3,search_thread_exclusions_us,522.604
jac,morton,G,divisor=3,search_warp_exclusions_us,549.627
jac,morton,M,reach=9.000000,entries_per_atom,297.951
jac,morton,M,reach=9.000000,widest_row,355
jac,morton,M,reach=9.000000,bytes_entries,2.81707e+07
jac,morton,M,reach=9.000000,bytes_rows,3.35466e+07
jac,morton,T,level=4;steps_since_sort=1,search_stale_us,767.15
jac,morton,T,level=4;steps_since_sort=1,search_fresh_us,757.827
jac,morton,T,level=4;steps_since_sort=10,search_stale_us,775.306
jac,morton,T,level=4;steps_since_sort=10,search_fresh_us,766.971
jac,morton,T,level=4;steps_since_sort=100,search_stale_us,894.158
jac,morton,T,level=4;steps_since_sort=100,search_fresh_us,863.329
jac,morton,T,level=4;height=1,dynamics_update_climb,0.491708
jac,morton,T,level=4;height=2,dynamics_update_climb,0.256645
jac,morton,T,level=4;height=3,dynamics_update_climb,0.123362
jac,morton,T,level=4;height=4,dynamics_update_climb,0.128285
jac,morton,T,level=4,dynamics_leave_leaf_fraction_per_step,0.00560531
jac,,M,reach=9,loop_us,75.6
jac,,M,reach=9,build_us,357.6
jac,,M,reach=9,steps_between_builds,4.4
jac,,Gr,reach=9,loop_units_us,69.5
jac,,Gr,reach=9,unit_entries,64
jac,,Gr,reach=9,loop_warp_a_group_us,125.7
jac,,Gr,reach=9,build_us,206.4
jac,,Gr,reach=9,steps_between_builds,4.4
jac,,Gr,reach=9,entries,498902
jac,,Gr,reach=9,slots_per_atom,355.214
jac,,Gr,reach=9,bytes,3.99749e+06
cellulose,input,T,,sort_us,294.124
cellulose,input,T,,keys_us,11.4688
cellulose,input,T,level=4,leaf_side_A,16.2019
cellulose,input,T,level=4,atoms_per_leaf,399.032
cellulose,input,T,level=4,fullest_leaf,506
cellulose,input,T,level=4,capacity_eq8,599
cellulose,input,T,level=4,atoms_over_eq8,0
cellulose,input,T,level=4,capacity_used,599
cellulose,input,T,level=4,bytes,9.0375e+06
cellulose,input,T,level=4,candidates_per_atom_box,3296.56
cellulose,input,T,level=4,candidates_per_atom_sphere,2829.81
cellulose,input,T,level=4,pairs_per_atom,220.997
cellulose,input,T,level=4,query_box_leaves_cell_fraction,0.273719
cellulose,input,T,level=4;height=0,climb_periodic,0
cellulose,input,T,level=4;height=1,climb_periodic,0.118639
cellulose,input,T,level=4;height=2,climb_periodic,0.29482
cellulose,input,T,level=4;height=3,climb_periodic,0.264877
cellulose,input,T,level=4;height=4,climb_periodic,0.321664
cellulose,input,T,level=4;height=0,climb_not_periodic,0.000721962
cellulose,input,T,level=4;height=1,climb_not_periodic,0.207646
cellulose,input,T,level=4;height=2,climb_not_periodic,0.397982
cellulose,input,T,level=4;height=3,climb_not_periodic,0.3315
cellulose,input,T,level=4;height=4,climb_not_periodic,0.0621499
cellulose,input,T,level=4,search_box_us,13159
cellulose,input,T,level=4,search_sphere_us,12151.4
cellulose,input,T,level=4,search_energy_virial_us,13111.9
cellulose,input,T,level=4,search_unsorted_threads_us,14643.6
cellulose,input,T,level=4,search_exclusions_us,13278
cellulose,input,T,level=4,update_find_us,18.2192
cellulose,input,T,level=4,update_compact_us,305.357
cellulose,input,T,level=4,update_insert_us,9.5232
cellulose,input,T,level=4,update_us,333.099
cellulose,input,T,level=4;height=1,update_climb,0.495826
cellulose,input,T,level=4;height=2,update_climb,0.25301
cellulose,input,T,level=4;height=3,update_climb,0.211618
cellulose,input,T,level=4;height=4,update_climb,0.0395465
cellulose,input,T,level=4,leave_leaf_fraction_per_step,0.00139241
cellulose,input,T,level=5,leaf_side_A,8.10094
cellulose,input,T,level=5,atoms_per_leaf,49.879
cellulose,input,T,level=5,fullest_leaf,70
cellulose,input,T,level=5,capacity_eq8,75
cellulose,input,T,level=5,atoms_over_eq8,0
cellulose,input,T,level=5,capacity_used,75
cellulose,input,T,level=5,bytes,9.36518e+06
cellulose,input,T,level=5,candidates_per_atom_box,1403.48
cellulose,input,T,level=5,candidates_per_atom_sphere,1068.76
cellulose,input,T,level=5,pairs_per_atom,220.997
cellulose,input,T,level=5,query_box_leaves_cell_fraction,0.273719
cellulose,input,T,level=5;height=0,climb_periodic,0
cellulose,input,T,level=5;height=1,climb_periodic,0
cellulose,input,T,level=5;height=2,climb_periodic,0.118639
cellulose,input,T,level=5;height=3,climb_periodic,0.29482
cellulose,input,T,level=5;height=4,climb_periodic,0.264877
cellulose,input,T,level=5;height=5,climb_periodic,0.321664
cellulose,input,T,level=5;height=0,climb_not_periodic,0
cellulose,input,T,level=5;height=1,climb_not_periodic,0.000721962
cellulose,input,T,level=5;height=2,climb_not_periodic,0.207646
cellulose,input,T,level=5;height=3,climb_not_periodic,0.397982
cellulose,input,T,level=5;height=4,climb_not_periodic,0.3315
cellulose,input,T,level=5;height=5,climb_not_periodic,0.0621499
cellulose,input,T,level=5,search_box_us,7543.78
cellulose,input,T,level=5,search_sphere_us,7597.46
cellulose,input,T,level=5,search_energy_virial_us,8127.89
cellulose,input,T,level=5,search_unsorted_threads_us,9595.36
cellulose,input,T,level=5,search_exclusions_us,9266.93
cellulose,input,T,level=5,update_find_us,19.3104
cellulose,input,T,level=5,update_compact_us,49.0432
cellulose,input,T,level=5,update_insert_us,9.68
cellulose,input,T,level=5,update_us,78.0336
cellulose,input,T,level=5;height=1,update_climb,0.499076
cellulose,input,T,level=5;height=2,update_climb,0.248371
cellulose,input,T,level=5;height=3,update_climb,0.126739
cellulose,input,T,level=5;height=4,update_climb,0.106005
cellulose,input,T,level=5;height=5,update_climb,0.0198098
cellulose,input,T,level=5,leave_leaf_fraction_per_step,0.00277967
cellulose,input,T,level=6,leaf_side_A,4.05047
cellulose,input,T,level=6,atoms_per_leaf,6.23488
cellulose,input,T,level=6,fullest_leaf,14
cellulose,input,T,level=6,capacity_eq8,10
cellulose,input,T,level=6,atoms_over_eq8,1286
cellulose,input,T,level=6,capacity_used,14
cellulose,input,T,level=6,bytes,1.31663e+07
cellulose,input,T,level=6,candidates_per_atom_box,817.702
cellulose,input,T,level=6,candidates_per_atom_sphere,549.092
cellulose,input,T,level=6,pairs_per_atom,220.997
cellulose,input,T,level=6,query_box_leaves_cell_fraction,0.273719
cellulose,input,T,level=6;height=0,climb_periodic,0
cellulose,input,T,level=6;height=1,climb_periodic,0
cellulose,input,T,level=6;height=2,climb_periodic,0
cellulose,input,T,level=6;height=3,climb_periodic,0.118639
cellulose,input,T,level=6;height=4,climb_periodic,0.29482
cellulose,input,T,level=6;height=5,climb_periodic,0.264877
cellulose,input,T,level=6;height=6,climb_periodic,0.321664
cellulose,input,T,level=6;height=0,climb_not_periodic,0
cellulose,input,T,level=6;height=1,climb_not_periodic,0
cellulose,input,T,level=6;height=2,climb_not_periodic,0.000721962
cellulose,input,T,level=6;height=3,climb_not_periodic,0.207646
cellulose,input,T,level=6;height=4,climb_not_periodic,0.397982
cellulose,input,T,level=6;height=5,climb_not_periodic,0.3315
cellulose,input,T,level=6;height=6,climb_not_periodic,0.0621499
cellulose,input,T,level=6,search_box_us,10479.6
cellulose,input,T,level=6,search_sphere_us,7791.06
cellulose,input,T,level=6,search_energy_virial_us,7914
cellulose,input,T,level=6,search_unsorted_threads_us,9065.07
cellulose,input,T,level=6,search_exclusions_us,9217.92
cellulose,input,T,level=6,update_find_us,25.1872
cellulose,input,T,level=6,update_compact_us,20.6304
cellulose,input,T,level=6,update_insert_us,10.7584
cellulose,input,T,level=6,update_us,56.576
cellulose,input,T,level=6;height=1,update_climb,0.496955
cellulose,input,T,level=6;height=2,update_climb,0.251057
cellulose,input,T,level=6;height=3,update_climb,0.124942
cellulose,input,T,level=6;height=4,update_climb,0.0637553
cellulose,input,T,level=6;height=5,update_climb,0.0533251
cellulose,input,T,level=6;height=6,update_climb,0.00996523
cellulose,input,T,level=6,leave_leaf_fraction_per_step,0.0055257
cellulose,input,T,,best_level,5
cellulose,input,T,,best_search_us,7543.78
cellulose,input,G,divisor=1,grid_sort_us,66.473
cellulose,input,G,divisor=1,candidates_per_atom,1543.5
cellulose,input,G,divisor=1,pairs_per_atom,220.997
cellulose,input,G,divisor=1,bytes,1.15275e+07
cellulose,input,G,divisor=1,search_thread_us,2613.92
cellulose,input,G,divisor=1,search_warp_us,4050.73
cellulose,input,G,divisor=1,search_energy_virial_us,2748.97
cellulose,input,G,divisor=1,search_thread_exclusions_us,3217.61
cellulose,input,G,divisor=1,search_warp_exclusions_us,4330.64
cellulose,input,G,divisor=2,grid_sort_us,65.3875
cellulose,input,G,divisor=2,candidates_per_atom,864.497
cellulose,input,G,divisor=2,pairs_per_atom,220.997
cellulose,input,G,divisor=2,bytes,1.21553e+07
cellulose,input,G,divisor=2,search_thread_us,1997.33
cellulose,input,G,divisor=2,search_warp_us,5675.75
cellulose,input,G,divisor=2,search_energy_virial_us,2115.95
cellulose,input,G,divisor=2,search_thread_exclusions_us,2449.48
cellulose,input,G,divisor=2,search_warp_exclusions_us,5363.92
cellulose,input,G,divisor=3,grid_sort_us,68.3162
cellulose,input,G,divisor=3,candidates_per_atom,688.348
cellulose,input,G,divisor=3,pairs_per_atom,220.997
cellulose,input,G,divisor=3,bytes,1.39041e+07
cellulose,input,G,divisor=3,search_thread_us,2088.86
cellulose,input,G,divisor=3,search_warp_us,8707.86
cellulose,input,G,divisor=3,search_energy_virial_us,2205.08
cellulose,input,G,divisor=3,search_thread_exclusions_us,2490.28
cellulose,input,G,divisor=3,search_warp_exclusions_us,8972.91
cellulose,input,M,reach=9.000000,entries_per_atom,314.965
cellulose,input,M,reach=9.000000,widest_row,404
cellulose,input,M,reach=9.000000,bytes_entries,5.16424e+08
cellulose,input,M,reach=9.000000,bytes_rows,6.61947e+08
cellulose,input,T,level=5;steps_since_sort=1,search_stale_us,7528.64
cellulose,input,T,level=5;steps_since_sort=1,search_fresh_us,7613.94
cellulose,input,T,level=5;steps_since_sort=10,search_stale_us,7616
cellulose,input,T,level=5;steps_since_sort=10,search_fresh_us,7739.86
cellulose,input,T,level=5;steps_since_sort=100,search_stale_us,9116.98
cellulose,input,T,level=5;steps_since_sort=100,search_fresh_us,7826.11
cellulose,input,T,level=5;height=1,dynamics_update_climb,0.498408
cellulose,input,T,level=5;height=2,dynamics_update_climb,0.250011
cellulose,input,T,level=5;height=3,dynamics_update_climb,0.12669
cellulose,input,T,level=5;height=4,dynamics_update_climb,0.105264
cellulose,input,T,level=5;height=5,dynamics_update_climb,0.0196272
cellulose,input,T,level=5,dynamics_leave_leaf_fraction_per_step,0.00277436
cellulose,morton,T,,sort_us,283.213
cellulose,morton,T,,keys_us,11.2026
cellulose,morton,T,level=4,leaf_side_A,16.2019
cellulose,morton,T,level=4,atoms_per_leaf,399.032
cellulose,morton,T,level=4,fullest_leaf,506
cellulose,morton,T,level=4,capacity_eq8,599
cellulose,morton,T,level=4,atoms_over_eq8,0
cellulose,morton,T,level=4,capacity_used,599
cellulose,morton,T,level=4,bytes,9.0375e+06
cellulose,morton,T,level=4,candidates_per_atom_box,3296.56
cellulose,morton,T,level=4,candidates_per_atom_sphere,2829.81
cellulose,morton,T,level=4,pairs_per_atom,220.997
cellulose,morton,T,level=4,query_box_leaves_cell_fraction,0.273719
cellulose,morton,T,level=4;height=0,climb_periodic,0
cellulose,morton,T,level=4;height=1,climb_periodic,0.118639
cellulose,morton,T,level=4;height=2,climb_periodic,0.29482
cellulose,morton,T,level=4;height=3,climb_periodic,0.264877
cellulose,morton,T,level=4;height=4,climb_periodic,0.321664
cellulose,morton,T,level=4;height=0,climb_not_periodic,0.000721962
cellulose,morton,T,level=4;height=1,climb_not_periodic,0.207646
cellulose,morton,T,level=4;height=2,climb_not_periodic,0.397982
cellulose,morton,T,level=4;height=3,climb_not_periodic,0.3315
cellulose,morton,T,level=4;height=4,climb_not_periodic,0.0621499
cellulose,morton,T,level=4,search_box_us,12133.8
cellulose,morton,T,level=4,search_sphere_us,11398.5
cellulose,morton,T,level=4,search_energy_virial_us,12185
cellulose,morton,T,level=4,search_unsorted_threads_us,11404.7
cellulose,morton,T,level=4,search_exclusions_us,13056.4
cellulose,morton,T,level=4,update_find_us,18.304
cellulose,morton,T,level=4,update_compact_us,319.795
cellulose,morton,T,level=4,update_insert_us,9.6336
cellulose,morton,T,level=4,update_us,347.733
cellulose,morton,T,level=4;height=1,update_climb,0.501618
cellulose,morton,T,level=4;height=2,update_climb,0.243068
cellulose,morton,T,level=4;height=3,update_climb,0.217791
cellulose,morton,T,level=4;height=4,update_climb,0.037523
cellulose,morton,T,level=4,leave_leaf_fraction_per_step,0.00139901
cellulose,morton,T,level=5,leaf_side_A,8.10094
cellulose,morton,T,level=5,atoms_per_leaf,49.879
cellulose,morton,T,level=5,fullest_leaf,70
cellulose,morton,T,level=5,capacity_eq8,75
cellulose,morton,T,level=5,atoms_over_eq8,0
cellulose,morton,T,level=5,capacity_used,75
cellulose,morton,T,level=5,bytes,9.36518e+06
cellulose,morton,T,level=5,candidates_per_atom_box,1403.48
cellulose,morton,T,level=5,candidates_per_atom_sphere,1068.76
cellulose,morton,T,level=5,pairs_per_atom,220.997
cellulose,morton,T,level=5,query_box_leaves_cell_fraction,0.273719
cellulose,morton,T,level=5;height=0,climb_periodic,0
cellulose,morton,T,level=5;height=1,climb_periodic,0
cellulose,morton,T,level=5;height=2,climb_periodic,0.118639
cellulose,morton,T,level=5;height=3,climb_periodic,0.29482
cellulose,morton,T,level=5;height=4,climb_periodic,0.264877
cellulose,morton,T,level=5;height=5,climb_periodic,0.321664
cellulose,morton,T,level=5;height=0,climb_not_periodic,0
cellulose,morton,T,level=5;height=1,climb_not_periodic,0.000721962
cellulose,morton,T,level=5;height=2,climb_not_periodic,0.207646
cellulose,morton,T,level=5;height=3,climb_not_periodic,0.397982
cellulose,morton,T,level=5;height=4,climb_not_periodic,0.3315
cellulose,morton,T,level=5;height=5,climb_not_periodic,0.0621499
cellulose,morton,T,level=5,search_box_us,7031.56
cellulose,morton,T,level=5,search_sphere_us,7059.58
cellulose,morton,T,level=5,search_energy_virial_us,7550.13
cellulose,morton,T,level=5,search_unsorted_threads_us,7069.91
cellulose,morton,T,level=5,search_exclusions_us,9301.15
cellulose,morton,T,level=5,update_find_us,19.5296
cellulose,morton,T,level=5,update_compact_us,48.4352
cellulose,morton,T,level=5,update_insert_us,10.0432
cellulose,morton,T,level=5,update_us,78.008
cellulose,morton,T,level=5;height=1,update_climb,0.491957
cellulose,morton,T,level=5;height=2,update_climb,0.254844
cellulose,morton,T,level=5;height=3,update_climb,0.123489
cellulose,morton,T,level=5;height=4,update_climb,0.110647
cellulose,morton,T,level=5;height=5,update_climb,0.0190633
cellulose,morton,T,level=5,leave_leaf_fraction_per_step,0.00275373
cellulose,morton,T,level=6,leaf_side_A,4.05047
cellulose,morton,T,level=6,atoms_per_leaf,6.23488
cellulose,morton,T,level=6,fullest_leaf,14
cellulose,morton,T,level=6,capacity_eq8,10
cellulose,morton,T,level=6,atoms_over_eq8,1286
cellulose,morton,T,level=6,capacity_used,14
cellulose,morton,T,level=6,bytes,1.31663e+07
cellulose,morton,T,level=6,candidates_per_atom_box,817.702
cellulose,morton,T,level=6,candidates_per_atom_sphere,549.092
cellulose,morton,T,level=6,pairs_per_atom,220.997
cellulose,morton,T,level=6,query_box_leaves_cell_fraction,0.273719
cellulose,morton,T,level=6;height=0,climb_periodic,0
cellulose,morton,T,level=6;height=1,climb_periodic,0
cellulose,morton,T,level=6;height=2,climb_periodic,0
cellulose,morton,T,level=6;height=3,climb_periodic,0.118639
cellulose,morton,T,level=6;height=4,climb_periodic,0.29482
cellulose,morton,T,level=6;height=5,climb_periodic,0.264877
cellulose,morton,T,level=6;height=6,climb_periodic,0.321664
cellulose,morton,T,level=6;height=0,climb_not_periodic,0
cellulose,morton,T,level=6;height=1,climb_not_periodic,0
cellulose,morton,T,level=6;height=2,climb_not_periodic,0.000721962
cellulose,morton,T,level=6;height=3,climb_not_periodic,0.207646
cellulose,morton,T,level=6;height=4,climb_not_periodic,0.397982
cellulose,morton,T,level=6;height=5,climb_not_periodic,0.3315
cellulose,morton,T,level=6;height=6,climb_not_periodic,0.0621499
cellulose,morton,T,level=6,search_box_us,9857.88
cellulose,morton,T,level=6,search_sphere_us,7294.54
cellulose,morton,T,level=6,search_energy_virial_us,7425.42
cellulose,morton,T,level=6,search_unsorted_threads_us,7263.29
cellulose,morton,T,level=6,search_exclusions_us,9770.07
cellulose,morton,T,level=6,update_find_us,24.4704
cellulose,morton,T,level=6,update_compact_us,19.0464
cellulose,morton,T,level=6,update_insert_us,11.1184
cellulose,morton,T,level=6,update_us,54.6352
cellulose,morton,T,level=6;height=1,update_climb,0.504274
cellulose,morton,T,level=6;height=2,update_climb,0.243876
cellulose,morton,T,level=6;height=3,update_climb,0.126333
cellulose,morton,T,level=6;height=4,update_climb,0.0612168
cellulose,morton,T,level=6;height=5,update_climb,0.0548506
cellulose,morton,T,level=6;height=6,update_climb,0.00945017
cellulose,morton,T,level=6,leave_leaf_fraction_per_step,0.00555494
cellulose,morton,T,,best_level,5
cellulose,morton,T,,best_search_us,7031.56
cellulose,morton,G,divisor=1,grid_sort_us,72.3917
cellulose,morton,G,divisor=1,candidates_per_atom,1543.5
cellulose,morton,G,divisor=1,pairs_per_atom,220.997
cellulose,morton,G,divisor=1,bytes,1.15275e+07
cellulose,morton,G,divisor=1,search_thread_us,2598.68
cellulose,morton,G,divisor=1,search_warp_us,4034.46
cellulose,morton,G,divisor=1,search_energy_virial_us,2727.8
cellulose,morton,G,divisor=1,search_thread_exclusions_us,3704.4
cellulose,morton,G,divisor=1,search_warp_exclusions_us,4506.33
cellulose,morton,G,divisor=2,grid_sort_us,62.2899
cellulose,morton,G,divisor=2,candidates_per_atom,864.497
cellulose,morton,G,divisor=2,pairs_per_atom,220.997
cellulose,morton,G,divisor=2,bytes,1.21553e+07
cellulose,morton,G,divisor=2,search_thread_us,1992.83
cellulose,morton,G,divisor=2,search_warp_us,5703.56
cellulose,morton,G,divisor=2,search_energy_virial_us,2106.98
cellulose,morton,G,divisor=2,search_thread_exclusions_us,2901.61
cellulose,morton,G,divisor=2,search_warp_exclusions_us,5577.06
cellulose,morton,G,divisor=3,grid_sort_us,63.3037
cellulose,morton,G,divisor=3,candidates_per_atom,688.348
cellulose,morton,G,divisor=3,pairs_per_atom,220.997
cellulose,morton,G,divisor=3,bytes,1.39041e+07
cellulose,morton,G,divisor=3,search_thread_us,2095.59
cellulose,morton,G,divisor=3,search_warp_us,8708.52
cellulose,morton,G,divisor=3,search_energy_virial_us,2205.66
cellulose,morton,G,divisor=3,search_thread_exclusions_us,2924.93
cellulose,morton,G,divisor=3,search_warp_exclusions_us,9254.97
cellulose,morton,M,reach=9.000000,entries_per_atom,314.965
cellulose,morton,M,reach=9.000000,widest_row,404
cellulose,morton,M,reach=9.000000,bytes_entries,5.16424e+08
cellulose,morton,M,reach=9.000000,bytes_rows,6.61947e+08
cellulose,morton,T,level=5;steps_since_sort=1,search_stale_us,7020.33
cellulose,morton,T,level=5;steps_since_sort=1,search_fresh_us,7096.61
cellulose,morton,T,level=5;steps_since_sort=10,search_stale_us,7125.05
cellulose,morton,T,level=5;steps_since_sort=10,search_fresh_us,7178.69
cellulose,morton,T,level=5;steps_since_sort=100,search_stale_us,8754.26
cellulose,morton,T,level=5;steps_since_sort=100,search_fresh_us,7498.85
cellulose,morton,T,level=5;height=1,dynamics_update_climb,0.497163
cellulose,morton,T,level=5;height=2,dynamics_update_climb,0.252637
cellulose,morton,T,level=5;height=3,dynamics_update_climb,0.124041
cellulose,morton,T,level=5;height=4,dynamics_update_climb,0.106788
cellulose,morton,T,level=5;height=5,dynamics_update_climb,0.0193718
cellulose,morton,T,level=5,dynamics_leave_leaf_fraction_per_step,0.00277304
cellulose,,M,reach=9,loop_us,1235.1
cellulose,,M,reach=9,build_us,6601
cellulose,,M,reach=9,steps_between_builds,4
cellulose,,Gr,reach=9,loop_units_us,1094.1
cellulose,,Gr,reach=9,unit_entries,64
cellulose,,Gr,reach=9,loop_warp_a_group_us,1169.8
cellulose,,Gr,reach=9,build_us,2496.7
cellulose,,Gr,reach=9,steps_between_builds,4
cellulose,,Gr,reach=9,entries,8.91105e+06
cellulose,,Gr,reach=9,slots_per_atom,364.879
cellulose,,Gr,reach=9,bytes,7.13939e+07
argon-liquid,input,T,,sort_us,446.044
argon-liquid,input,T,,keys_us,25.4566
argon-liquid,input,T,level=4,leaf_side_A,22.6537
argon-liquid,input,T,level=4,atoms_per_leaf,244.141
argon-liquid,input,T,level=4,fullest_leaf,266
argon-liquid,input,T,level=4,capacity_eq8,367
argon-liquid,input,T,level=4,atoms_over_eq8,0
argon-liquid,input,T,level=4,capacity_used,367
argon-liquid,input,T,level=4,bytes,2.21978e+07
argon-liquid,input,T,level=4,candidates_per_atom_box,1656.76
argon-liquid,input,T,level=4,candidates_per_atom_sphere,1448.28
argon-liquid,input,T,level=4,pairs_per_atom,90.0019
argon-liquid,input,T,level=4,query_box_leaves_cell_fraction,0.158345
argon-liquid,input,T,level=4;height=0,climb_periodic,0.001215
argon-liquid,input,T,level=4;height=1,climb_periodic,0.167983
argon-liquid,input,T,level=4;height=2,climb_periodic,0.298972
argon-liquid,input,T,level=4;height=3,climb_periodic,0.232813
argon-liquid,input,T,level=4;height=4,climb_periodic,0.299017
argon-liquid,input,T,level=4;height=0,climb_not_periodic,0.004234
argon-liquid,input,T,level=4;height=1,climb_not_periodic,0.221603
argon-liquid,input,T,level=4;height=2,climb_not_periodic,0.350774
argon-liquid,input,T,level=4;height=3,climb_not_periodic,0.265005
argon-liquid,input,T,level=4;height=4,climb_not_periodic,0.158384
argon-liquid,input,T,level=4,search_box_us,12324.6
argon-liquid,input,T,level=4,search_sphere_us,13807.4
argon-liquid,input,T,level=4,search_energy_virial_us,12332.6
argon-liquid,input,T,level=4,search_unsorted_threads_us,17145.2
argon-liquid,input,T,level=4,update_find_us,38.488
argon-liquid,input,T,level=4,update_compact_us,190.418
argon-liquid,input,T,level=4,update_insert_us,20.7456
argon-liquid,input,T,level=4,update_us,249.651
argon-liquid,input,T,level=4;height=1,update_climb,0.497931
argon-liquid,input,T,level=4;height=2,update_climb,0.240544
argon-liquid,input,T,level=4;height=3,update_climb,0.131206
argon-liquid,input,T,level=4;height=4,update_climb,0.130319
argon-liquid,input,T,level=4,leave_leaf_fraction_per_step,0.0001692
argon-liquid,input,T,level=5,leaf_side_A,11.3269
argon-liquid,input,T,level=5,atoms_per_leaf,30.5176
argon-liquid,input,T,level=5,fullest_leaf,40
argon-liquid,input,T,level=5,capacity_eq8,46
argon-liquid,input,T,level=5,atoms_over_eq8,0
argon-liquid,input,T,level=5,capacity_used,46
argon-liquid,input,T,level=5,bytes,2.35085e+07
argon-liquid,input,T,level=5,candidates_per_atom_box,659.718
argon-liquid,input,T,level=5,candidates_per_atom_sphere,514.136
argon-liquid,input,T,level=5,pairs_per_atom,90.0019
argon-liquid,input,T,level=5,query_box_leaves_cell_fraction,0.158345
argon-liquid,input,T,level=5;height=0,climb_periodic,0
argon-liquid,input,T,level=5;height=1,climb_periodic,0.001215
argon-liquid,input,T,level=5;height=2,climb_periodic,0.167983
argon-liquid,input,T,level=5;height=3,climb_periodic,0.298972
argon-liquid,input,T,level=5;height=4,climb_periodic,0.232813
argon-liquid,input,T,level=5;height=5,climb_periodic,0.299017
argon-liquid,input,T,level=5;height=0,climb_not_periodic,0
argon-liquid,input,T,level=5;height=1,climb_not_periodic,0.004234
argon-liquid,input,T,level=5;height=2,climb_not_periodic,0.221603
argon-liquid,input,T,level=5;height=3,climb_not_periodic,0.350774
argon-liquid,input,T,level=5;height=4,climb_not_periodic,0.265005
argon-liquid,input,T,level=5;height=5,climb_not_periodic,0.158384
argon-liquid,input,T,level=5,search_box_us,7595.73
argon-liquid,input,T,level=5,search_sphere_us,7698.31
argon-liquid,input,T,level=5,search_energy_virial_us,7620.66
argon-liquid,input,T,level=5,search_unsorted_threads_us,10990.1
argon-liquid,input,T,level=5,update_find_us,41.928
argon-liquid,input,T,level=5,update_compact_us,74.176
argon-liquid,input,T,level=5,update_insert_us,19.968
argon-liquid,input,T,level=5,update_us,136.072
argon-liquid,input,T,level=5;height=1,update_climb,0.495151
argon-liquid,input,T,level=5;height=2,update_climb,0.25138
argon-liquid,input,T,level=5;height=3,update_climb,0.121438
argon-liquid,input,T,level=5;height=4,update_climb,0.066239
argon-liquid,input,T,level=5;height=5,update_climb,0.0657914
argon-liquid,input,T,level=5,leave_leaf_fraction_per_step,0.00033515
argon-liquid,input,T,level=6,leaf_side_A,5.66344
argon-liquid,input,T,level=6,atoms_per_leaf,3.8147
argon-liquid,input,T,level=6,fullest_leaf,8
argon-liquid,input,T,level=6,capacity_eq8,6
argon-liquid,input,T,level=6,atoms_over_eq8,1245
argon-liquid,input,T,level=6,capacity_used,8
argon-liquid,input,T,level=6,bytes,3.62225e+07
argon-liquid,input,T,level=6,candidates_per_atom_box,364.198
argon-liquid,input,T,level=6,candidates_per_atom_sphere,249.854
argon-liquid,input,T,level=6,pairs_per_atom,90.0019
argon-liquid,input,T,level=6,query_box_leaves_cell_fraction,0.158345
argon-liquid,input,T,level=6;height=0,climb_periodic,0
argon-liquid,input,T,level=6;height=1,climb_periodic,0
argon-liquid,input,T,level=6;height=2,climb_periodic,0.001215
argon-liquid,input,T,level=6;height=3,climb_periodic,0.167983
argon-liquid,input,T,level=6;height=4,climb_periodic,0.298972
argon-liquid,input,T,level=6;height=5,climb_periodic,0.232813
argon-liquid,input,T,level=6;height=6,climb_periodic,0.299017
argon-liquid,input,T,level=6;height=0,climb_not_periodic,0
argon-liquid,input,T,level=6;height=1,climb_not_periodic,0
argon-liquid,input,T,level=6;height=2,climb_not_periodic,0.004234
argon-liquid,input,T,level=6;height=3,climb_not_periodic,0.221603
argon-liquid,input,T,level=6;height=4,climb_not_periodic,0.350774
argon-liquid,input,T,level=6;height=5,climb_not_periodic,0.265005
argon-liquid,input,T,level=6;height=6,climb_not_periodic,0.158384
argon-liquid,input,T,level=6,search_box_us,15791
argon-liquid,input,T,level=6,search_sphere_us,9590.46
argon-liquid,input,T,level=6,search_energy_virial_us,9063.54
argon-liquid,input,T,level=6,search_unsorted_threads_us,12929.5
argon-liquid,input,T,level=6,update_find_us,60.6144
argon-liquid,input,T,level=6,update_compact_us,50.3296
argon-liquid,input,T,level=6,update_insert_us,21.4016
argon-liquid,input,T,level=6,update_us,132.346
argon-liquid,input,T,level=6;height=1,update_climb,0.496734
argon-liquid,input,T,level=6;height=2,update_climb,0.249193
argon-liquid,input,T,level=6;height=3,update_climb,0.126511
argon-liquid,input,T,level=6;height=4,update_climb,0.0611157
argon-liquid,input,T,level=6;height=5,update_climb,0.0333358
argon-liquid,input,T,level=6;height=6,update_climb,0.0331106
argon-liquid,input,T,level=6,leave_leaf_fraction_per_step,0.00066595
argon-liquid,input,T,,best_level,5
argon-liquid,input,T,,best_search_us,7595.73
argon-liquid,input,G,divisor=1,grid_sort_us,120.366
argon-liquid,input,G,divisor=1,candidates_per_atom,628.786
argon-liquid,input,G,divisor=1,pairs_per_atom,90.0019
argon-liquid,input,G,divisor=1,bytes,2.85145e+07
argon-liquid,input,G,divisor=1,search_thread_us,1725.36
argon-liquid,input,G,divisor=1,search_warp_us,4786.65
argon-liquid,input,G,divisor=1,search_energy_virial_us,1861.18
argon-liquid,input,G,divisor=2,grid_sort_us,120.433
argon-liquid,input,G,divisor=2,candidates_per_atom,348.311
argon-liquid,input,G,divisor=2,pairs_per_atom,90.0019
argon-liquid,input,G,divisor=2,bytes,3.22949e+07
argon-liquid,input,G,divisor=2,search_thread_us,1512.22
argon-liquid,input,G,divisor=2,search_warp_us,9888.46
argon-liquid,input,G,divisor=2,search_energy_virial_us,1634.95
argon-liquid,input,G,divisor=3,grid_sort_us,150.927
argon-liquid,input,G,divisor=3,candidates_per_atom,279.056
argon-liquid,input,G,divisor=3,pairs_per_atom,90.0019
argon-liquid,input,G,divisor=3,bytes,4.27005e+07
argon-liquid,input,G,divisor=3,search_thread_us,1898.71
argon-liquid,input,G,divisor=3,search_warp_us,18773.5
argon-liquid,input,G,divisor=3,search_energy_virial_us,2028.56
argon-liquid,input,M,reach=11.122000,entries_per_atom,120.901
argon-liquid,input,M,reach=11.122000,widest_row,140
argon-liquid,input,M,reach=11.122000,bytes_entries,4.87602e+08
argon-liquid,input,M,reach=11.122000,bytes_rows,5.64e+08
argon-liquid,input,T,level=5;steps_since_sort=1,search_stale_us,7618.12
argon-liquid,input,T,level=5;steps_since_sort=1,search_fresh_us,7670.33
argon-liquid,input,T,level=5;steps_since_sort=10,search_stale_us,7608.02
argon-liquid,input,T,level=5;steps_since_sort=10,search_fresh_us,7663.81
argon-liquid,input,T,level=5;steps_since_sort=100,search_stale_us,7644.5
argon-liquid,input,T,level=5;steps_since_sort=100,search_fresh_us,7647.28
argon-liquid,input,T,level=5;steps_since_sort=1000,search_stale_us,7882.48
argon-liquid,input,T,level=5;steps_since_sort=1000,search_fresh_us,7681.92
argon-liquid,input,T,level=5;height=1,dynamics_update_climb,0.498442
argon-liquid,input,T,level=5;height=2,dynamics_update_climb,0.25162
argon-liquid,input,T,level=5;height=3,dynamics_update_climb,0.124969
argon-liquid,input,T,level=5;height=4,dynamics_update_climb,0.062547
argon-liquid,input,T,level=5;height=5,dynamics_update_climb,0.0624212
argon-liquid,input,T,level=5,dynamics_leave_leaf_fraction_per_step,0.000333749
argon-liquid,input,M,skin=1.000000,steps_between_builds,57.6923
argon-liquid,input,T,level=5,energy_drift_kT_per_atom_per_ns,2.27862e-05
argon-liquid,input,T,level=5,mean_temperature_K,119.957
argon-liquid,morton,T,,sort_us,408.566
argon-liquid,morton,T,,keys_us,25.216
argon-liquid,morton,T,level=4,leaf_side_A,22.6537
argon-liquid,morton,T,level=4,atoms_per_leaf,244.141
argon-liquid,morton,T,level=4,fullest_leaf,266
argon-liquid,morton,T,level=4,capacity_eq8,367
argon-liquid,morton,T,level=4,atoms_over_eq8,0
argon-liquid,morton,T,level=4,capacity_used,367
argon-liquid,morton,T,level=4,bytes,2.21978e+07
argon-liquid,morton,T,level=4,candidates_per_atom_box,1656.76
argon-liquid,morton,T,level=4,candidates_per_atom_sphere,1448.28
argon-liquid,morton,T,level=4,pairs_per_atom,90.0019
argon-liquid,morton,T,level=4,query_box_leaves_cell_fraction,0.158345
argon-liquid,morton,T,level=4;height=0,climb_periodic,0.001215
argon-liquid,morton,T,level=4;height=1,climb_periodic,0.167983
argon-liquid,morton,T,level=4;height=2,climb_periodic,0.298972
argon-liquid,morton,T,level=4;height=3,climb_periodic,0.232813
argon-liquid,morton,T,level=4;height=4,climb_periodic,0.299017
argon-liquid,morton,T,level=4;height=0,climb_not_periodic,0.004234
argon-liquid,morton,T,level=4;height=1,climb_not_periodic,0.221603
argon-liquid,morton,T,level=4;height=2,climb_not_periodic,0.350774
argon-liquid,morton,T,level=4;height=3,climb_not_periodic,0.265005
argon-liquid,morton,T,level=4;height=4,climb_not_periodic,0.158384
argon-liquid,morton,T,level=4,search_box_us,11637.7
argon-liquid,morton,T,level=4,search_sphere_us,13197.2
argon-liquid,morton,T,level=4,search_energy_virial_us,11712.3
argon-liquid,morton,T,level=4,search_unsorted_threads_us,11726.9
argon-liquid,morton,T,level=4,update_find_us,36.5792
argon-liquid,morton,T,level=4,update_compact_us,190.822
argon-liquid,morton,T,level=4,update_insert_us,20.9984
argon-liquid,morton,T,level=4,update_us,248.4
argon-liquid,morton,T,level=4;height=1,update_climb,0.515059
argon-liquid,morton,T,level=4;height=2,update_climb,0.23882
argon-liquid,morton,T,level=4;height=3,update_climb,0.119562
argon-liquid,morton,T,level=4;height=4,update_climb,0.126559
argon-liquid,morton,T,level=4,leave_leaf_fraction_per_step,0.00016435
argon-liquid,morton,T,level=5,leaf_side_A,11.3269
argon-liquid,morton,T,level=5,atoms_per_leaf,30.5176
argon-liquid,morton,T,level=5,fullest_leaf,40
argon-liquid,morton,T,level=5,capacity_eq8,46
argon-liquid,morton,T,level=5,atoms_over_eq8,0
argon-liquid,morton,T,level=5,capacity_used,46
argon-liquid,morton,T,level=5,bytes,2.35085e+07
argon-liquid,morton,T,level=5,candidates_per_atom_box,659.718
argon-liquid,morton,T,level=5,candidates_per_atom_sphere,514.136
argon-liquid,morton,T,level=5,pairs_per_atom,90.0019
argon-liquid,morton,T,level=5,query_box_leaves_cell_fraction,0.158345
argon-liquid,morton,T,level=5;height=0,climb_periodic,0
argon-liquid,morton,T,level=5;height=1,climb_periodic,0.001215
argon-liquid,morton,T,level=5;height=2,climb_periodic,0.167983
argon-liquid,morton,T,level=5;height=3,climb_periodic,0.298972
argon-liquid,morton,T,level=5;height=4,climb_periodic,0.232813
argon-liquid,morton,T,level=5;height=5,climb_periodic,0.299017
argon-liquid,morton,T,level=5;height=0,climb_not_periodic,0
argon-liquid,morton,T,level=5;height=1,climb_not_periodic,0.004234
argon-liquid,morton,T,level=5;height=2,climb_not_periodic,0.221603
argon-liquid,morton,T,level=5;height=3,climb_not_periodic,0.350774
argon-liquid,morton,T,level=5;height=4,climb_not_periodic,0.265005
argon-liquid,morton,T,level=5;height=5,climb_not_periodic,0.158384
argon-liquid,morton,T,level=5,search_box_us,7032.74
argon-liquid,morton,T,level=5,search_sphere_us,7150.58
argon-liquid,morton,T,level=5,search_energy_virial_us,7070.64
argon-liquid,morton,T,level=5,search_unsorted_threads_us,7065.31
argon-liquid,morton,T,level=5,update_find_us,38.9072
argon-liquid,morton,T,level=5,update_compact_us,72.8464
argon-liquid,morton,T,level=5,update_insert_us,19.9584
argon-liquid,morton,T,level=5,update_us,131.712
argon-liquid,morton,T,level=5;height=1,update_climb,0.509549
argon-liquid,morton,T,level=5;height=2,update_climb,0.252611
argon-liquid,morton,T,level=5;height=3,update_climb,0.117129
argon-liquid,morton,T,level=5;height=4,update_climb,0.0586392
argon-liquid,morton,T,level=5;height=5,update_climb,0.062071
argon-liquid,morton,T,level=5,leave_leaf_fraction_per_step,0.0003351
argon-liquid,morton,T,level=6,leaf_side_A,5.66344
argon-liquid,morton,T,level=6,atoms_per_leaf,3.8147
argon-liquid,morton,T,level=6,fullest_leaf,8
argon-liquid,morton,T,level=6,capacity_eq8,6
argon-liquid,morton,T,level=6,atoms_over_eq8,1245
argon-liquid,morton,T,level=6,capacity_used,8
argon-liquid,morton,T,level=6,bytes,3.62225e+07
argon-liquid,morton,T,level=6,candidates_per_atom_box,364.198
argon-liquid,morton,T,level=6,candidates_per_atom_sphere,249.854
argon-liquid,morton,T,level=6,pairs_per_atom,90.0019
argon-liquid,morton,T,level=6,query_box_leaves_cell_fraction,0.158345
argon-liquid,morton,T,level=6;height=0,climb_periodic,0
argon-liquid,morton,T,level=6;height=1,climb_periodic,0
argon-liquid,morton,T,level=6;height=2,climb_periodic,0.001215
argon-liquid,morton,T,level=6;height=3,climb_periodic,0.167983
argon-liquid,morton,T,level=6;height=4,climb_periodic,0.298972
argon-liquid,morton,T,level=6;height=5,climb_periodic,0.232813
argon-liquid,morton,T,level=6;height=6,climb_periodic,0.299017
argon-liquid,morton,T,level=6;height=0,climb_not_periodic,0
argon-liquid,morton,T,level=6;height=1,climb_not_periodic,0
argon-liquid,morton,T,level=6;height=2,climb_not_periodic,0.004234
argon-liquid,morton,T,level=6;height=3,climb_not_periodic,0.221603
argon-liquid,morton,T,level=6;height=4,climb_not_periodic,0.350774
argon-liquid,morton,T,level=6;height=5,climb_not_periodic,0.265005
argon-liquid,morton,T,level=6;height=6,climb_not_periodic,0.158384
argon-liquid,morton,T,level=6,search_box_us,14866.5
argon-liquid,morton,T,level=6,search_sphere_us,9006.57
argon-liquid,morton,T,level=6,search_energy_virial_us,8537.99
argon-liquid,morton,T,level=6,search_unsorted_threads_us,8982.57
argon-liquid,morton,T,level=6,update_find_us,51.7632
argon-liquid,morton,T,level=6,update_compact_us,41.5744
argon-liquid,morton,T,level=6,update_insert_us,21.6576
argon-liquid,morton,T,level=6,update_us,114.995
argon-liquid,morton,T,level=6;height=1,update_climb,0.497752
argon-liquid,morton,T,level=6;height=2,update_climb,0.25592
argon-liquid,morton,T,level=6;height=3,update_climb,0.126874
argon-liquid,morton,T,level=6;height=4,update_climb,0.0588279
argon-liquid,morton,T,level=6;height=5,update_climb,0.0294514
argon-liquid,morton,T,level=6;height=6,update_climb,0.0311751
argon-liquid,morton,T,level=6,leave_leaf_fraction_per_step,0.0006672
argon-liquid,morton,T,,best_level,5
argon-liquid,morton,T,,best_search_us,7032.74
argon-liquid,morton,G,divisor=1,grid_sort_us,130.463
argon-liquid,morton,G,divisor=1,candidates_per_atom,628.786
argon-liquid,morton,G,divisor=1,pairs_per_atom,90.0019
argon-liquid,morton,G,divisor=1,bytes,2.85145e+07
argon-liquid,morton,G,divisor=1,search_thread_us,1722.4
argon-liquid,morton,G,divisor=1,search_warp_us,4776.25
argon-liquid,morton,G,divisor=1,search_energy_virial_us,1851.42
argon-liquid,morton,G,divisor=2,grid_sort_us,126.935
argon-liquid,morton,G,divisor=2,candidates_per_atom,348.311
argon-liquid,morton,G,divisor=2,pairs_per_atom,90.0019
argon-liquid,morton,G,divisor=2,bytes,3.22949e+07
argon-liquid,morton,G,divisor=2,search_thread_us,1514.16
argon-liquid,morton,G,divisor=2,search_warp_us,9884.11
argon-liquid,morton,G,divisor=2,search_energy_virial_us,1641.37
argon-liquid,morton,G,divisor=3,grid_sort_us,163.753
argon-liquid,morton,G,divisor=3,candidates_per_atom,279.056
argon-liquid,morton,G,divisor=3,pairs_per_atom,90.0019
argon-liquid,morton,G,divisor=3,bytes,4.27005e+07
argon-liquid,morton,G,divisor=3,search_thread_us,1905.29
argon-liquid,morton,G,divisor=3,search_warp_us,18799.8
argon-liquid,morton,G,divisor=3,search_energy_virial_us,2034.85
argon-liquid,morton,M,reach=11.122000,entries_per_atom,120.901
argon-liquid,morton,M,reach=11.122000,widest_row,140
argon-liquid,morton,M,reach=11.122000,bytes_entries,4.87602e+08
argon-liquid,morton,M,reach=11.122000,bytes_rows,5.64e+08
argon-liquid,morton,T,level=5;steps_since_sort=1,search_stale_us,7034.74
argon-liquid,morton,T,level=5;steps_since_sort=1,search_fresh_us,7093.49
argon-liquid,morton,T,level=5;steps_since_sort=10,search_stale_us,7062.96
argon-liquid,morton,T,level=5;steps_since_sort=10,search_fresh_us,7074.79
argon-liquid,morton,T,level=5;steps_since_sort=100,search_stale_us,7130.54
argon-liquid,morton,T,level=5;steps_since_sort=100,search_fresh_us,7121.39
argon-liquid,morton,T,level=5;steps_since_sort=1000,search_stale_us,7516.78
argon-liquid,morton,T,level=5;steps_since_sort=1000,search_fresh_us,7351.96
argon-liquid,morton,T,level=5;height=1,dynamics_update_climb,0.500129
argon-liquid,morton,T,level=5;height=2,dynamics_update_climb,0.250383
argon-liquid,morton,T,level=5;height=3,dynamics_update_climb,0.125567
argon-liquid,morton,T,level=5;height=4,dynamics_update_climb,0.0621335
argon-liquid,morton,T,level=5;height=5,dynamics_update_climb,0.0617883
argon-liquid,morton,T,level=5,dynamics_leave_leaf_fraction_per_step,0.000333186
argon-liquid,morton,M,skin=1.000000,steps_between_builds,58.8235
argon-liquid,morton,T,level=5,energy_drift_kT_per_atom_per_ns,0.00162465
argon-liquid,morton,T,level=5,mean_temperature_K,119.956
argon-liquid,shuffle,T,,sort_us,410.715
argon-liquid,shuffle,T,,keys_us,25.2211
argon-liquid,shuffle,T,level=4,leaf_side_A,22.6537
argon-liquid,shuffle,T,level=4,atoms_per_leaf,244.141
argon-liquid,shuffle,T,level=4,fullest_leaf,266
argon-liquid,shuffle,T,level=4,capacity_eq8,367
argon-liquid,shuffle,T,level=4,atoms_over_eq8,0
argon-liquid,shuffle,T,level=4,capacity_used,367
argon-liquid,shuffle,T,level=4,bytes,2.21978e+07
argon-liquid,shuffle,T,level=4,candidates_per_atom_box,1656.76
argon-liquid,shuffle,T,level=4,candidates_per_atom_sphere,1448.28
argon-liquid,shuffle,T,level=4,pairs_per_atom,90.0019
argon-liquid,shuffle,T,level=4,query_box_leaves_cell_fraction,0.158345
argon-liquid,shuffle,T,level=4;height=0,climb_periodic,0.001215
argon-liquid,shuffle,T,level=4;height=1,climb_periodic,0.167983
argon-liquid,shuffle,T,level=4;height=2,climb_periodic,0.298972
argon-liquid,shuffle,T,level=4;height=3,climb_periodic,0.232813
argon-liquid,shuffle,T,level=4;height=4,climb_periodic,0.299017
argon-liquid,shuffle,T,level=4;height=0,climb_not_periodic,0.004234
argon-liquid,shuffle,T,level=4;height=1,climb_not_periodic,0.221603
argon-liquid,shuffle,T,level=4;height=2,climb_not_periodic,0.350774
argon-liquid,shuffle,T,level=4;height=3,climb_not_periodic,0.265005
argon-liquid,shuffle,T,level=4;height=4,climb_not_periodic,0.158384
argon-liquid,shuffle,T,level=4,search_box_us,16999
argon-liquid,shuffle,T,level=4,search_sphere_us,18981.8
argon-liquid,shuffle,T,level=4,search_energy_virial_us,16736.9
argon-liquid,shuffle,T,level=4,search_unsorted_threads_us,199618
argon-liquid,shuffle,T,level=4,update_find_us,42.9008
argon-liquid,shuffle,T,level=4,update_compact_us,180.637
argon-liquid,shuffle,T,level=4,update_insert_us,21.464
argon-liquid,shuffle,T,level=4,update_us,245.002
argon-liquid,shuffle,T,level=4;height=1,update_climb,0.504717
argon-liquid,shuffle,T,level=4;height=2,update_climb,0.239682
argon-liquid,shuffle,T,level=4;height=3,update_climb,0.132665
argon-liquid,shuffle,T,level=4;height=4,update_climb,0.122936
argon-liquid,shuffle,T,level=4,leave_leaf_fraction_per_step,0.0001696
argon-liquid,shuffle,T,level=5,leaf_side_A,11.3269
argon-liquid,shuffle,T,level=5,atoms_per_leaf,30.5176
argon-liquid,shuffle,T,level=5,fullest_leaf,40
argon-liquid,shuffle,T,level=5,capacity_eq8,46
argon-liquid,shuffle,T,level=5,atoms_over_eq8,0
argon-liquid,shuffle,T,level=5,capacity_used,46
argon-liquid,shuffle,T,level=5,bytes,2.35085e+07
argon-liquid,shuffle,T,level=5,candidates_per_atom_box,659.718
argon-liquid,shuffle,T,level=5,candidates_per_atom_sphere,514.136
argon-liquid,shuffle,T,level=5,pairs_per_atom,90.0019
argon-liquid,shuffle,T,level=5,query_box_leaves_cell_fraction,0.158345
argon-liquid,shuffle,T,level=5;height=0,climb_periodic,0
argon-liquid,shuffle,T,level=5;height=1,climb_periodic,0.001215
argon-liquid,shuffle,T,level=5;height=2,climb_periodic,0.167983
argon-liquid,shuffle,T,level=5;height=3,climb_periodic,0.298972
argon-liquid,shuffle,T,level=5;height=4,climb_periodic,0.232813
argon-liquid,shuffle,T,level=5;height=5,climb_periodic,0.299017
argon-liquid,shuffle,T,level=5;height=0,climb_not_periodic,0
argon-liquid,shuffle,T,level=5;height=1,climb_not_periodic,0.004234
argon-liquid,shuffle,T,level=5;height=2,climb_not_periodic,0.221603
argon-liquid,shuffle,T,level=5;height=3,climb_not_periodic,0.350774
argon-liquid,shuffle,T,level=5;height=4,climb_not_periodic,0.265005
argon-liquid,shuffle,T,level=5;height=5,climb_not_periodic,0.158384
argon-liquid,shuffle,T,level=5,search_box_us,10784.2
argon-liquid,shuffle,T,level=5,search_sphere_us,11437.1
argon-liquid,shuffle,T,level=5,search_energy_virial_us,10912.2
argon-liquid,shuffle,T,level=5,search_unsorted_threads_us,101119
argon-liquid,shuffle,T,level=5,update_find_us,89.3472
argon-liquid,shuffle,T,level=5,update_compact_us,72.4992
argon-liquid,shuffle,T,level=5,update_insert_us,19.8144
argon-liquid,shuffle,T,level=5,update_us,181.661
argon-liquid,shuffle,T,level=5;height=1,update_climb,0.489925
argon-liquid,shuffle,T,level=5;height=2,update_climb,0.257444
argon-liquid,shuffle,T,level=5;height=3,update_climb,0.122256
argon-liquid,shuffle,T,level=5;height=4,update_climb,0.0676692
argon-liquid,shuffle,T,level=5;height=5,update_climb,0.0627068
argon-liquid,shuffle,T,level=5,leave_leaf_fraction_per_step,0.0003325
argon-liquid,shuffle,T,level=6,leaf_side_A,5.66344
argon-liquid,shuffle,T,level=6,atoms_per_leaf,3.8147
argon-liquid,shuffle,T,level=6,fullest_leaf,8
argon-liquid,shuffle,T,level=6,capacity_eq8,6
argon-liquid,shuffle,T,level=6,atoms_over_eq8,1245
argon-liquid,shuffle,T,level=6,capacity_used,8
argon-liquid,shuffle,T,level=6,bytes,3.62225e+07
argon-liquid,shuffle,T,level=6,candidates_per_atom_box,364.198
argon-liquid,shuffle,T,level=6,candidates_per_atom_sphere,249.854
argon-liquid,shuffle,T,level=6,pairs_per_atom,90.0019
argon-liquid,shuffle,T,level=6,query_box_leaves_cell_fraction,0.158345
argon-liquid,shuffle,T,level=6;height=0,climb_periodic,0
argon-liquid,shuffle,T,level=6;height=1,climb_periodic,0
argon-liquid,shuffle,T,level=6;height=2,climb_periodic,0.001215
argon-liquid,shuffle,T,level=6;height=3,climb_periodic,0.167983
argon-liquid,shuffle,T,level=6;height=4,climb_periodic,0.298972
argon-liquid,shuffle,T,level=6;height=5,climb_periodic,0.232813
argon-liquid,shuffle,T,level=6;height=6,climb_periodic,0.299017
argon-liquid,shuffle,T,level=6;height=0,climb_not_periodic,0
argon-liquid,shuffle,T,level=6;height=1,climb_not_periodic,0
argon-liquid,shuffle,T,level=6;height=2,climb_not_periodic,0.004234
argon-liquid,shuffle,T,level=6;height=3,climb_not_periodic,0.221603
argon-liquid,shuffle,T,level=6;height=4,climb_not_periodic,0.350774
argon-liquid,shuffle,T,level=6;height=5,climb_not_periodic,0.265005
argon-liquid,shuffle,T,level=6;height=6,climb_not_periodic,0.158384
argon-liquid,shuffle,T,level=6,search_box_us,24199.3
argon-liquid,shuffle,T,level=6,search_sphere_us,15885.2
argon-liquid,shuffle,T,level=6,search_energy_virial_us,15690.8
argon-liquid,shuffle,T,level=6,search_unsorted_threads_us,86462.3
argon-liquid,shuffle,T,level=6,update_find_us,225.61
argon-liquid,shuffle,T,level=6,update_compact_us,81.8224
argon-liquid,shuffle,T,level=6,update_insert_us,20.3344
argon-liquid,shuffle,T,level=6,update_us,327.766
argon-liquid,shuffle,T,level=6;height=1,update_climb,0.504212
argon-liquid,shuffle,T,level=6;height=2,update_climb,0.242899
argon-liquid,shuffle,T,level=6;height=3,update_climb,0.127637
argon-liquid,shuffle,T,level=6;height=4,update_climb,0.0606128
argon-liquid,shuffle,T,level=6;height=5,update_climb,0.0335495
argon-liquid,shuffle,T,level=6;height=6,update_climb,0.0310892
argon-liquid,shuffle,T,level=6,leave_leaf_fraction_per_step,0.00067065
argon-liquid,shuffle,T,,best_level,5
argon-liquid,shuffle,T,,best_search_us,10784.2
argon-liquid,shuffle,G,divisor=2,grid_sort_us,501.933
argon-liquid,shuffle,G,divisor=2,candidates_per_atom,348.311
argon-liquid,shuffle,G,divisor=2,pairs_per_atom,90.0019
argon-liquid,shuffle,G,divisor=2,bytes,3.22949e+07
argon-liquid,shuffle,G,divisor=2,search_thread_us,1554.69
argon-liquid,shuffle,G,divisor=2,search_warp_us,9934.32
argon-liquid,shuffle,G,divisor=2,search_energy_virial_us,1698.12
argon-liquid,shuffle,M,reach=11.122000,entries_per_atom,120.901
argon-liquid,shuffle,M,reach=11.122000,widest_row,140
argon-liquid,shuffle,M,reach=11.122000,bytes_entries,4.87602e+08
argon-liquid,shuffle,M,reach=11.122000,bytes_rows,5.64e+08
argon-liquid,,M,reach=11.122,loop_us,1050.7
argon-liquid,,M,reach=11.122,build_us,10133.3
argon-liquid,,M,reach=11.122,steps_between_builds,57.6923
argon-liquid,,Gr,reach=11.122,loop_units_us,1139.1
argon-liquid,,Gr,reach=11.122,unit_entries,256
argon-liquid,,Gr,reach=11.122,loop_warp_a_group_us,1233.3
argon-liquid,,Gr,reach=11.122,build_us,2547.8
argon-liquid,,Gr,reach=11.122,steps_between_builds,57.6923
argon-liquid,,Gr,reach=11.122,entries,1.11695e+07
argon-liquid,,Gr,reach=11.122,slots_per_atom,194.165
argon-liquid,,Gr,reach=11.122,bytes,8.96108e+07
argon-vapor,input,T,,sort_us,446.3
argon-vapor,input,T,,keys_us,25.4618
argon-vapor,input,T,level=5,leaf_side_A,32.2812
argon-vapor,input,T,level=5,atoms_per_leaf,30.5176
argon-vapor,input,T,level=5,fullest_leaf,47
argon-vapor,input,T,level=5,capacity_eq8,46
argon-vapor,input,T,level=5,atoms_over_eq8,1
argon-vapor,input,T,level=5,capacity_used,47
argon-vapor,input,T,level=5,bytes,2.36396e+07
argon-vapor,input,T,level=5,candidates_per_atom_box,130.56
argon-vapor,input,T,level=5,candidates_per_atom_sphere,119.298
argon-vapor,input,T,level=5,pairs_per_atom,3.69825
argon-vapor,input,T,level=5,query_box_leaves_cell_fraction,0.057624
argon-vapor,input,T,level=5;height=0,climb_periodic,0.052098
argon-vapor,input,T,level=5;height=1,climb_periodic,0.27133
argon-vapor,input,T,level=5;height=2,climb_periodic,0.275743
argon-vapor,input,T,level=5;height=3,climb_periodic,0.183334
argon-vapor,input,T,level=5;height=4,climb_periodic,0.104302
argon-vapor,input,T,level=5;height=5,climb_periodic,0.113193
argon-vapor,input,T,level=5;height=0,climb_not_periodic,0.060682
argon-vapor,input,T,level=5;height=1,climb_not_periodic,0.291264
argon-vapor,input,T,level=5;height=2,climb_not_periodic,0.289976
argon-vapor,input,T,level=5;height=3,climb_not_periodic,0.191613
argon-vapor,input,T,level=5;height=4,climb_not_periodic,0.108633
argon-vapor,input,T,level=5;height=5,climb_not_periodic,0.057832
argon-vapor,input,T,level=5,search_box_us,3692.32
argon-vapor,input,T,level=5,search_sphere_us,3074.38
argon-vapor,input,T,level=5,search_energy_virial_us,3077.62
argon-vapor,input,T,level=5,search_unsorted_threads_us,3293.79
argon-vapor,input,T,level=5,update_find_us,41.6704
argon-vapor,input,T,level=5,update_compact_us,80.8384
argon-vapor,input,T,level=5,update_insert_us,20.1856
argon-vapor,input,T,level=5,update_us,142.694
argon-vapor,input,T,level=5;height=1,update_climb,0.505862
argon-vapor,input,T,level=5;height=2,update_climb,0.244898
argon-vapor,input,T,level=5;height=3,update_climb,0.115502
argon-vapor,input,T,level=5;height=4,update_climb,0.0668693
argon-vapor,input,T,level=5;height=5,update_climb,0.0668693
argon-vapor,input,T,level=5,leave_leaf_fraction_per_step,0.00011515
argon-vapor,input,T,level=6,leaf_side_A,16.1406
argon-vapor,input,T,level=6,atoms_per_leaf,3.8147
argon-vapor,input,T,level=6,fullest_leaf,13
argon-vapor,input,T,level=6,capacity_eq8,6
argon-vapor,input,T,level=6,atoms_over_eq8,26981
argon-vapor,input,T,level=6,capacity_used,13
argon-vapor,input,T,level=6,bytes,4.14654e+07
argon-vapor,input,T,level=6,candidates_per_atom_box,42.8864
argon-vapor,input,T,level=6,candidates_per_atom_sphere,35.4861
argon-vapor,input,T,level=6,pairs_per_atom,3.69825
argon-vapor,input,T,level=6,query_box_leaves_cell_fraction,0.057624
argon-vapor,input,T,level=6;height=0,climb_periodic,0
argon-vapor,input,T,level=6;height=1,climb_periodic,0.052098
argon-vapor,input,T,level=6;height=2,climb_periodic,0.27133
argon-vapor,input,T,level=6;height=3,climb_periodic,0.275743
argon-vapor,input,T,level=6;height=4,climb_periodic,0.183334
argon-vapor,input,T,level=6;height=5,climb_periodic,0.104302
argon-vapor,input,T,level=6;height=6,climb_periodic,0.113193
argon-vapor,input,T,level=6;height=0,climb_not_periodic,2e-06
argon-vapor,input,T,level=6;height=1,climb_not_periodic,0.06068
argon-vapor,input,T,level=6;height=2,climb_not_periodic,0.291264
argon-vapor,input,T,level=6;height=3,climb_not_periodic,0.289976
argon-vapor,input,T,level=6;height=4,climb_not_periodic,0.191613
argon-vapor,input,T,level=6;height=5,climb_not_periodic,0.108633
argon-vapor,input,T,level=6;height=6,climb_not_periodic,0.057832
argon-vapor,input,T,level=6,search_box_us,3545.59
argon-vapor,input,T,level=6,search_sphere_us,2350.03
argon-vapor,input,T,level=6,search_energy_virial_us,2264.58
argon-vapor,input,T,level=6,search_unsorted_threads_us,2589.18
argon-vapor,input,T,level=6,update_find_us,62.3504
argon-vapor,input,T,level=6,update_compact_us,92.0576
argon-vapor,input,T,level=6,update_insert_us,20.7408
argon-vapor,input,T,level=6,update_us,175.149
argon-vapor,input,T,level=6;height=1,update_climb,0.502914
argon-vapor,input,T,level=6;height=2,update_climb,0.251457
argon-vapor,input,T,level=6;height=3,update_climb,0.121735
argon-vapor,input,T,level=6;height=4,update_climb,0.0574142
argon-vapor,input,T,level=6;height=5,update_climb,0.0332398
argon-vapor,input,T,level=6;height=6,update_climb,0.0332398
argon-vapor,input,T,level=6,leave_leaf_fraction_per_step,0.00023165
argon-vapor,input,T,level=7,leaf_side_A,8.07031
argon-vapor,input,T,level=7,atoms_per_leaf,0.476837
argon-vapor,input,T,level=7,fullest_leaf,6
argon-vapor,input,T,level=7,capacity_eq8,1
argon-vapor,input,T,level=7,atoms_over_eq8,184267
argon-vapor,input,T,level=7,capacity_used,6
argon-vapor,input,T,level=7,bytes,1.61003e+08
argon-vapor,input,T,level=7,candidates_per_atom_box,19.9337
argon-vapor,input,T,level=7,candidates_per_atom_sphere,14.494
argon-vapor,input,T,level=7,pairs_per_atom,3.69825
argon-vapor,input,T,level=7,query_box_leaves_cell_fraction,0.057624
argon-vapor,input,T,level=7;height=0,climb_periodic,0
argon-vapor,input,T,level=7;height=1,climb_periodic,0
argon-vapor,input,T,level=7;height=2,climb_periodic,0.052098
argon-vapor,input,T,level=7;height=3,climb_periodic,0.27133
argon-vapor,input,T,level=7;height=4,climb_periodic,0.275743
argon-vapor,input,T,level=7;height=5,climb_periodic,0.183334
argon-vapor,input,T,level=7;height=6,climb_periodic,0.104302
argon-vapor,input,T,level=7;height=7,climb_periodic,0.113193
argon-vapor,input,T,level=7;height=0,climb_not_periodic,0
argon-vapor,input,T,level=7;height=1,climb_not_periodic,2e-06
argon-vapor,input,T,level=7;height=2,climb_not_periodic,0.06068
argon-vapor,input,T,level=7;height=3,climb_not_periodic,0.291264
argon-vapor,input,T,level=7;height=4,climb_not_periodic,0.289976
argon-vapor,input,T,level=7;height=5,climb_not_periodic,0.191613
argon-vapor,input,T,level=7;height=6,climb_not_periodic,0.108633
argon-vapor,input,T,level=7;height=7,climb_not_periodic,0.057832
argon-vapor,input,T,level=7,search_box_us,14403.8
argon-vapor,input,T,level=7,search_sphere_us,9831.16
argon-vapor,input,T,level=7,search_energy_virial_us,10226.4
argon-vapor,input,T,level=7,search_unsorted_threads_us,13126.7
argon-vapor,input,T,level=7,update_find_us,308.05
argon-vapor,input,T,level=7,update_compact_us,87.3968
argon-vapor,input,T,level=7,update_insert_us,20.4736
argon-vapor,input,T,level=7,update_us,415.92
argon-vapor,input,T,level=7;height=1,update_climb,0.497342
argon-vapor,input,T,level=7;height=2,update_climb,0.252794
argon-vapor,input,T,level=7;height=3,update_climb,0.126397
argon-vapor,input,T,level=7;height=4,update_climb,0.0611913
argon-vapor,input,T,level=7;height=5,update_climb,0.0288597
argon-vapor,input,T,level=7;height=6,update_climb,0.0167083
argon-vapor,input,T,level=7;height=7,update_climb,0.0167083
argon-vapor,input,T,level=7,leave_leaf_fraction_per_step,0.00046085
argon-vapor,input,T,,best_level,6
argon-vapor,input,T,,best_search_us,2350.03
argon-vapor,input,G,divisor=1,grid_sort_us,145.469
argon-vapor,input,G,divisor=1,candidates_per_atom,24.7349
argon-vapor,input,G,divisor=1,pairs_per_atom,3.69825
argon-vapor,input,G,divisor=1,bytes,4.07345e+07
argon-vapor,input,G,divisor=1,search_thread_us,259.625
argon-vapor,input,G,divisor=1,search_warp_us,3567.15
argon-vapor,input,G,divisor=1,search_energy_virial_us,270.413
argon-vapor,input,G,divisor=2,grid_sort_us,423.967
argon-vapor,input,G,divisor=2,candidates_per_atom,14.1524
argon-vapor,input,G,divisor=2,pairs_per_atom,3.69825
argon-vapor,input,G,divisor=2,bytes,1.29876e+08
argon-vapor,input,G,divisor=2,search_thread_us,450.504
argon-vapor,input,G,divisor=2,search_warp_us,8624.27
argon-vapor,input,G,divisor=2,search_energy_virial_us,480.41
argon-vapor,input,G,divisor=3,grid_sort_us,1092.14
argon-vapor,input,G,divisor=3,candidates_per_atom,11.4552
argon-vapor,input,G,divisor=3,pairs_per_atom,3.69825
argon-vapor,input,G,divisor=3,bytes,3.71831e+08
argon-vapor,input,G,divisor=3,search_thread_us,2172.53
argon-vapor,input,G,divisor=3,search_warp_us,15872.2
argon-vapor,input,G,divisor=3,search_energy_virial_us,2264.77
argon-vapor,input,M,reach=11.122000,entries_per_atom,4.92073
argon-vapor,input,M,reach=11.122000,widest_row,16
argon-vapor,input,M,reach=11.122000,bytes_entries,2.36829e+07
argon-vapor,input,M,reach=11.122000,bytes_rows,6.8e+07
argon-vapor,input,T,level=6;steps_since_sort=1,search_stale_us,2346.84
argon-vapor,input,T,level=6;steps_since_sort=1,search_fresh_us,2380.63
argon-vapor,input,T,level=6;steps_since_sort=10,search_stale_us,2360.02
argon-vapor,input,T,level=6;steps_since_sort=10,search_fresh_us,2368.98
argon-vapor,input,T,level=6;steps_since_sort=100,search_stale_us,2352.57
argon-vapor,input,T,level=6;steps_since_sort=100,search_fresh_us,2384.07
argon-vapor,input,T,level=6;steps_since_sort=1000,search_stale_us,2388.08
argon-vapor,input,T,level=6;steps_since_sort=1000,search_fresh_us,2392.32
argon-vapor,input,T,level=6;height=1,dynamics_update_climb,0.49915
argon-vapor,input,T,level=6;height=2,dynamics_update_climb,0.250928
argon-vapor,input,T,level=6;height=3,dynamics_update_climb,0.125167
argon-vapor,input,T,level=6;height=4,dynamics_update_climb,0.0603688
argon-vapor,input,T,level=6;height=5,dynamics_update_climb,0.0321183
argon-vapor,input,T,level=6;height=6,dynamics_update_climb,0.0322685
argon-vapor,input,T,level=6,dynamics_leave_leaf_fraction_per_step,0.000237435
argon-vapor,input,M,skin=1.000000,steps_between_builds,57.6923
argon-vapor,input,T,level=6,energy_drift_kT_per_atom_per_ns,-0.000135775
argon-vapor,input,T,level=6,mean_temperature_K,122.965
argon-vapor,morton,T,,sort_us,407.316
argon-vapor,morton,T,,keys_us,25.2058
argon-vapor,morton,T,level=5,leaf_side_A,32.2812
argon-vapor,morton,T,level=5,atoms_per_leaf,30.5176
argon-vapor,morton,T,level=5,fullest_leaf,47
argon-vapor,morton,T,level=5,capacity_eq8,46
argon-vapor,morton,T,level=5,atoms_over_eq8,1
argon-vapor,morton,T,level=5,capacity_used,47
argon-vapor,morton,T,level=5,bytes,2.36396e+07
argon-vapor,morton,T,level=5,candidates_per_atom_box,130.56
argon-vapor,morton,T,level=5,candidates_per_atom_sphere,119.298
argon-vapor,morton,T,level=5,pairs_per_atom,3.69825
argon-vapor,morton,T,level=5,query_box_leaves_cell_fraction,0.057624
argon-vapor,morton,T,level=5;height=0,climb_periodic,0.052098
argon-vapor,morton,T,level=5;height=1,climb_periodic,0.27133
argon-vapor,morton,T,level=5;height=2,climb_periodic,0.275743
argon-vapor,morton,T,level=5;height=3,climb_periodic,0.183334
argon-vapor,morton,T,level=5;height=4,climb_periodic,0.104302
argon-vapor,morton,T,level=5;height=5,climb_periodic,0.113193
argon-vapor,morton,T,level=5;height=0,climb_not_periodic,0.060682
argon-vapor,morton,T,level=5;height=1,climb_not_periodic,0.291264
argon-vapor,morton,T,level=5;height=2,climb_not_periodic,0.289976
argon-vapor,morton,T,level=5;height=3,climb_not_periodic,0.191613
argon-vapor,morton,T,level=5;height=4,climb_not_periodic,0.108633
argon-vapor,morton,T,level=5;height=5,climb_not_periodic,0.057832
argon-vapor,morton,T,level=5,search_box_us,3214.85
argon-vapor,morton,T,level=5,search_sphere_us,2826.26
argon-vapor,morton,T,level=5,search_energy_virial_us,2768.35
argon-vapor,morton,T,level=5,search_unsorted_threads_us,2819.68
argon-vapor,morton,T,level=5,update_find_us,40.232
argon-vapor,morton,T,level=5,update_compact_us,76.9536
argon-vapor,morton,T,level=5,update_insert_us,19.9712
argon-vapor,morton,T,level=5,update_us,137.157
argon-vapor,morton,T,level=5;height=1,update_climb,0.501733
argon-vapor,morton,T,level=5;height=2,update_climb,0.243501
argon-vapor,morton,T,level=5;height=3,update_climb,0.126516
argon-vapor,morton,T,level=5;height=4,update_climb,0.0645581
argon-vapor,morton,T,level=5;height=5,update_climb,0.0636915
argon-vapor,morton,T,level=5,leave_leaf_fraction_per_step,0.0001154
argon-vapor,morton,T,level=6,leaf_side_A,16.1406
argon-vapor,morton,T,level=6,atoms_per_leaf,3.8147
argon-vapor,morton,T,level=6,fullest_leaf,13
argon-vapor,morton,T,level=6,capacity_eq8,6
argon-vapor,morton,T,level=6,atoms_over_eq8,26981
argon-vapor,morton,T,level=6,capacity_used,13
argon-vapor,morton,T,level=6,bytes,4.14654e+07
argon-vapor,morton,T,level=6,candidates_per_atom_box,42.8864
argon-vapor,morton,T,level=6,candidates_per_atom_sphere,35.4861
argon-vapor,morton,T,level=6,pairs_per_atom,3.69825
argon-vapor,morton,T,level=6,query_box_leaves_cell_fraction,0.057624
argon-vapor,morton,T,level=6;height=0,climb_periodic,0
argon-vapor,morton,T,level=6;height=1,climb_periodic,0.052098
argon-vapor,morton,T,level=6;height=2,climb_periodic,0.27133
argon-vapor,morton,T,level=6;height=3,climb_periodic,0.275743
argon-vapor,morton,T,level=6;height=4,climb_periodic,0.183334
argon-vapor,morton,T,level=6;height=5,climb_periodic,0.104302
argon-vapor,morton,T,level=6;height=6,climb_periodic,0.113193
argon-vapor,morton,T,level=6;height=0,climb_not_periodic,2e-06
argon-vapor,morton,T,level=6;height=1,climb_not_periodic,0.06068
argon-vapor,morton,T,level=6;height=2,climb_not_periodic,0.291264
argon-vapor,morton,T,level=6;height=3,climb_not_periodic,0.289976
argon-vapor,morton,T,level=6;height=4,climb_not_periodic,0.191613
argon-vapor,morton,T,level=6;height=5,climb_not_periodic,0.108633
argon-vapor,morton,T,level=6;height=6,climb_not_periodic,0.057832
argon-vapor,morton,T,level=6,search_box_us,3325.9
argon-vapor,morton,T,level=6,search_sphere_us,2186.95
argon-vapor,morton,T,level=6,search_energy_virial_us,2097.68
argon-vapor,morton,T,level=6,search_unsorted_threads_us,2166.53
argon-vapor,morton,T,level=6,update_find_us,50.944
argon-vapor,morton,T,level=6,update_compact_us,69.232
argon-vapor,morton,T,level=6,update_insert_us,20.9344
argon-vapor,morton,T,level=6,update_us,141.11
argon-vapor,morton,T,level=6;height=1,update_climb,0.49574
argon-vapor,morton,T,level=6;height=2,update_climb,0.253004
argon-vapor,morton,T,level=6;height=3,update_climb,0.122788
argon-vapor,morton,T,level=6;height=4,update_climb,0.0637972
argon-vapor,morton,T,level=6;height=5,update_climb,0.0325541
argon-vapor,morton,T,level=6;height=6,update_climb,0.0321171
argon-vapor,morton,T,level=6,leave_leaf_fraction_per_step,0.00022885
argon-vapor,morton,T,level=7,leaf_side_A,8.07031
argon-vapor,morton,T,level=7,atoms_per_leaf,0.476837
argon-vapor,morton,T,level=7,fullest_leaf,6
argon-vapor,morton,T,level=7,capacity_eq8,1
argon-vapor,morton,T,level=7,atoms_over_eq8,184267
argon-vapor,morton,T,level=7,capacity_used,6
argon-vapor,morton,T,level=7,bytes,1.61003e+08
argon-vapor,morton,T,level=7,candidates_per_atom_box,19.9337
argon-vapor,morton,T,level=7,candidates_per_atom_sphere,14.494
argon-vapor,morton,T,level=7,pairs_per_atom,3.69825
argon-vapor,morton,T,level=7,query_box_leaves_cell_fraction,0.057624
argon-vapor,morton,T,level=7;height=0,climb_periodic,0
argon-vapor,morton,T,level=7;height=1,climb_periodic,0
argon-vapor,morton,T,level=7;height=2,climb_periodic,0.052098
argon-vapor,morton,T,level=7;height=3,climb_periodic,0.27133
argon-vapor,morton,T,level=7;height=4,climb_periodic,0.275743
argon-vapor,morton,T,level=7;height=5,climb_periodic,0.183334
argon-vapor,morton,T,level=7;height=6,climb_periodic,0.104302
argon-vapor,morton,T,level=7;height=7,climb_periodic,0.113193
argon-vapor,morton,T,level=7;height=0,climb_not_periodic,0
argon-vapor,morton,T,level=7;height=1,climb_not_periodic,2e-06
argon-vapor,morton,T,level=7;height=2,climb_not_periodic,0.06068
argon-vapor,morton,T,level=7;height=3,climb_not_periodic,0.291264
argon-vapor,morton,T,level=7;height=4,climb_not_periodic,0.289976
argon-vapor,morton,T,level=7;height=5,climb_not_periodic,0.191613
argon-vapor,morton,T,level=7;height=6,climb_not_periodic,0.108633
argon-vapor,morton,T,level=7;height=7,climb_not_periodic,0.057832
argon-vapor,morton,T,level=7,search_box_us,13474.9
argon-vapor,morton,T,level=7,search_sphere_us,8829.71
argon-vapor,morton,T,level=7,search_energy_virial_us,9136.3
argon-vapor,morton,T,level=7,search_unsorted_threads_us,8815.43
argon-vapor,morton,T,level=7,update_find_us,114.584
argon-vapor,morton,T,level=7,update_compact_us,85.7632
argon-vapor,morton,T,level=7,update_insert_us,20.8464
argon-vapor,morton,T,level=7,update_us,221.194
argon-vapor,morton,T,level=7;height=1,update_climb,0.509011
argon-vapor,morton,T,level=7;height=2,update_climb,0.243403
argon-vapor,morton,T,level=7;height=3,update_climb,0.124222
argon-vapor,morton,T,level=7;height=4,update_climb,0.0602875
argon-vapor,morton,T,level=7;height=5,update_climb,0.0313238
argon-vapor,morton,T,level=7;height=6,update_climb,0.0159837
argon-vapor,morton,T,level=7;height=7,update_climb,0.0157691
argon-vapor,morton,T,level=7,leave_leaf_fraction_per_step,0.0004661
argon-vapor,morton,T,,best_level,6
argon-vapor,morton,T,,best_search_us,2186.95
argon-vapor,morton,G,divisor=1,grid_sort_us,155.617
argon-vapor,morton,G,divisor=1,candidates_per_atom,24.7349
argon-vapor,morton,G,divisor=1,pairs_per_atom,3.69825
argon-vapor,morton,G,divisor=1,bytes,4.07345e+07
argon-vapor,morton,G,divisor=1,search_thread_us,260.417
argon-vapor,morton,G,divisor=1,search_warp_us,3568.27
argon-vapor,morton,G,divisor=1,search_energy_virial_us,268.134
argon-vapor,morton,G,divisor=2,grid_sort_us,576.538
argon-vapor,morton,G,divisor=2,candidates_per_atom,14.1524
argon-vapor,morton,G,divisor=2,pairs_per_atom,3.69825
argon-vapor,morton,G,divisor=2,bytes,1.29876e+08
argon-vapor,morton,G,divisor=2,search_thread_us,450.661
argon-vapor,morton,G,divisor=2,search_warp_us,8626.42
argon-vapor,morton,G,divisor=2,search_energy_virial_us,491.013
argon-vapor,morton,G,divisor=3,grid_sort_us,1316.52
argon-vapor,morton,G,divisor=3,candidates_per_atom,11.4552
argon-vapor,morton,G,divisor=3,pairs_per_atom,3.69825
argon-vapor,morton,G,divisor=3,bytes,3.71831e+08
argon-vapor,morton,G,divisor=3,search_thread_us,2200.12
argon-vapor,morton,G,divisor=3,search_warp_us,15919
argon-vapor,morton,G,divisor=3,search_energy_virial_us,2306.95
argon-vapor,morton,M,reach=11.122000,entries_per_atom,4.92073
argon-vapor,morton,M,reach=11.122000,widest_row,16
argon-vapor,morton,M,reach=11.122000,bytes_entries,2.36829e+07
argon-vapor,morton,M,reach=11.122000,bytes_rows,6.8e+07
argon-vapor,morton,T,level=6;steps_since_sort=1,search_stale_us,2174.36
argon-vapor,morton,T,level=6;steps_since_sort=1,search_fresh_us,2196.17
argon-vapor,morton,T,level=6;steps_since_sort=10,search_stale_us,2197.83
argon-vapor,morton,T,level=6;steps_since_sort=10,search_fresh_us,2189.05
argon-vapor,morton,T,level=6;steps_since_sort=100,search_stale_us,2184.25
argon-vapor,morton,T,level=6;steps_since_sort=100,search_fresh_us,2215.24
argon-vapor,morton,T,level=6;steps_since_sort=1000,search_stale_us,2232.37
argon-vapor,morton,T,level=6;steps_since_sort=1000,search_fresh_us,2248.06
argon-vapor,morton,T,level=6;height=1,dynamics_update_climb,0.499063
argon-vapor,morton,T,level=6;height=2,dynamics_update_climb,0.250609
argon-vapor,morton,T,level=6;height=3,dynamics_update_climb,0.125275
argon-vapor,morton,T,level=6;height=4,dynamics_update_climb,0.0623058
argon-vapor,morton,T,level=6;height=5,dynamics_update_climb,0.0312825
argon-vapor,morton,T,level=6;height=6,dynamics_update_climb,0.0314653
argon-vapor,morton,T,level=6,dynamics_leave_leaf_fraction_per_step,0.000235243
argon-vapor,morton,M,skin=1.000000,steps_between_builds,58.8235
argon-vapor,morton,T,level=6,energy_drift_kT_per_atom_per_ns,-2.05114e-05
argon-vapor,morton,T,level=6,mean_temperature_K,121.01
argon-vapor,,M,reach=11.122,loop_us,261.6
argon-vapor,,M,reach=11.122,build_us,8079.2
argon-vapor,,M,reach=11.122,steps_between_builds,57.6923
argon-vapor,,Gr,reach=11.122,loop_units_us,200.9
argon-vapor,,Gr,reach=11.122,unit_entries,64
argon-vapor,,Gr,reach=11.122,loop_warp_a_group_us,200.7
argon-vapor,,Gr,reach=11.122,build_us,3562.3
argon-vapor,,Gr,reach=11.122,steps_between_builds,57.6923
argon-vapor,,Gr,reach=11.122,entries,1.47052e+06
argon-vapor,,Gr,reach=11.122,slots_per_atom,33.0419
argon-vapor,,Gr,reach=11.122,bytes,1.20189e+07
argon-small,input,T,,sort_us,49.2032
argon-small,input,T,,keys_us,2.78528
argon-small,input,T,level=2,leaf_side_A,14.4985
argon-small,input,T,level=2,atoms_per_leaf,64
argon-small,input,T,level=2,fullest_leaf,64
argon-small,input,T,level=2,capacity_eq8,96
argon-small,input,T,level=2,atoms_over_eq8,0
argon-small,input,T,level=2,capacity_used,96
argon-small,input,T,level=2,bytes,92996
argon-small,input,T,level=2,candidates_per_atom_box,999
argon-small,input,T,level=2,candidates_per_atom_sphere,727
argon-small,input,T,level=2,pairs_per_atom,82.5674
argon-small,input,T,level=2,query_box_leaves_cell_fraction,0.755859
argon-small,input,T,level=2;height=0,climb_periodic,0
argon-small,input,T,level=2;height=1,climb_periodic,0.015625
argon-small,input,T,level=2;height=2,climb_periodic,0.984375
argon-small,input,T,level=2;height=0,climb_not_periodic,0.00195312
argon-small,input,T,level=2;height=1,climb_not_periodic,0.242188
argon-small,input,T,level=2;height=2,climb_not_periodic,0.755859
argon-small,input,T,level=2,search_box_us,535.316
argon-small,input,T,level=2,search_sphere_us,354.862
argon-small,input,T,level=2,search_energy_virial_us,319.124
argon-small,input,T,level=2,search_unsorted_threads_us,281.216
argon-small,input,T,level=2,update_find_us,5.6656
argon-small,input,T,level=2,update_compact_us,19.1488
argon-small,input,T,level=2,update_insert_us,4.4992
argon-small,input,T,level=2,update_us,29.3136
argon-small,input,T,level=2;height=1,update_climb,0
argon-small,input,T,level=2;height=2,update_climb,0
argon-small,input,T,level=2,leave_leaf_fraction_per_step,0
argon-small,input,T,level=2,search_box_overflow_us,461.112
argon-small,input,T,level=2,overflow_atoms_buffer_1,0
argon-small,input,T,level=3,leaf_side_A,7.24925
argon-small,input,T,level=3,atoms_per_leaf,8
argon-small,input,T,level=3,fullest_leaf,8
argon-small,input,T,level=3,capacity_eq8,12
argon-small,input,T,level=3,atoms_over_eq8,0
argon-small,input,T,level=3,capacity_used,12
argon-small,input,T,level=3,bytes,113220
argon-small,input,T,level=3,candidates_per_atom_box,511
argon-small,input,T,level=3,candidates_per_atom_sphere,311
argon-small,input,T,level=3,pairs_per_atom,82.5674
argon-small,input,T,level=3,query_box_leaves_cell_fraction,0.755859
argon-small,input,T,level=3;height=0,climb_periodic,0
argon-small,input,T,level=3;height=1,climb_periodic,0
argon-small,input,T,level=3;height=2,climb_periodic,0.015625
argon-small,input,T,level=3;height=3,climb_periodic,0.984375
argon-small,input,T,level=3;height=0,climb_not_periodic,0
argon-small,input,T,level=3;height=1,climb_not_periodic,0.00195312
argon-small,input,T,level=3;height=2,climb_not_periodic,0.242188
argon-small,input,T,level=3;height=3,climb_not_periodic,0.755859
argon-small,input,T,level=3,search_box_us,458.148
argon-small,input,T,level=3,search_sphere_us,206.612
argon-small,input,T,level=3,search_energy_virial_us,195.507
argon-small,input,T,level=3,search_unsorted_threads_us,194.232
argon-small,input,T,level=3,update_find_us,4.6592
argon-small,input,T,level=3,update_compact_us,6.1968
argon-small,input,T,level=3,update_insert_us,5.904
argon-small,input,T,level=3,update_us,16.76
argon-small,input,T,level=3;height=1,update_climb,0
argon-small,input,T,level=3;height=2,update_climb,0
argon-small,input,T,level=3;height=3,update_climb,0
argon-small,input,T,level=3,leave_leaf_fraction_per_step,0
argon-small,input,T,level=3,search_box_overflow_us,455.02
argon-small,input,T,level=3,overflow_atoms_buffer_1,0
argon-small,input,T,,best_level,3
argon-small,input,T,,best_search_us,206.612
argon-small,input,G,divisor=1,grid_sort_us,27.8166
argon-small,input,G,divisor=1,candidates_per_atom,890.666
argon-small,input,G,divisor=1,pairs_per_atom,82.5674
argon-small,input,G,divisor=1,bytes,116200
argon-small,input,G,divisor=1,search_thread_us,168.279
argon-small,input,G,divisor=1,search_warp_us,27.3406
argon-small,input,G,divisor=1,search_energy_virial_us,168.013
argon-small,input,G,divisor=2,grid_sort_us,28.7902
argon-small,input,G,divisor=2,candidates_per_atom,400.017
argon-small,input,G,divisor=2,pairs_per_atom,82.5674
argon-small,input,G,divisor=2,bytes,130672
argon-small,input,G,divisor=2,search_thread_us,132.756
argon-small,input,G,divisor=2,search_warp_us,52.7616
argon-small,input,G,divisor=2,search_energy_virial_us,132.874
argon-small,input,G,divisor=3,grid_sort_us,29.1533
argon-small,input,G,divisor=3,candidates_per_atom,289.787
argon-small,input,G,divisor=3,pairs_per_atom,82.5674
argon-small,input,G,divisor=3,bytes,173656
argon-small,input,G,divisor=3,search_thread_us,107.208
argon-small,input,G,divisor=3,search_warp_us,94.7968
argon-small,input,G,divisor=3,search_energy_virial_us,106.654
argon-small,input,M,reach=11.122000,entries_per_atom,120.247
argon-small,input,M,reach=11.122000,widest_row,124
argon-small,input,M,reach=11.122000,bytes_entries,1.9865e+06
argon-small,input,M,reach=11.122000,bytes_rows,2.048e+06
uniform,input,T,,sort_us,452.004
uniform,input,T,,keys_us,25.4822
uniform,input,T,level=5,leaf_side_A,32.2812
uniform,input,T,level=5,atoms_per_leaf,30.5176
uniform,input,T,level=5,fullest_leaf,57
uniform,input,T,level=5,capacity_eq8,46
uniform,input,T,level=5,atoms_over_eq8,296
uniform,input,T,level=5,capacity_used,57
uniform,input,T,level=5,bytes,2.49503e+07
uniform,input,T,level=5,candidates_per_atom_box,131.372
uniform,input,T,level=5,candidates_per_atom_sphere,120.078
uniform,input,T,level=5,pairs_per_atom,3.93682
uniform,input,T,level=5,query_box_leaves_cell_fraction,0.057817
uniform,input,T,level=5;height=0,climb_periodic,0.052039
uniform,input,T,level=5;height=1,climb_periodic,0.271004
uniform,input,T,level=5;height=2,climb_periodic,0.27529
uniform,input,T,level=5;height=3,climb_periodic,0.184027
uniform,input,T,level=5;height=4,climb_periodic,0.104237
uniform,input,T,level=5;height=5,climb_periodic,0.113403
uniform,input,T,level=5;height=0,climb_not_periodic,0.060647
uniform,input,T,level=5;height=1,climb_not_periodic,0.290957
uniform,input,T,level=5;height=2,climb_not_periodic,0.289701
uniform,input,T,level=5;height=3,climb_not_periodic,0.192148
uniform,input,T,level=5;height=4,climb_not_periodic,0.108781
uniform,input,T,level=5;height=5,climb_not_periodic,0.057766
uniform,input,T,level=5,search_box_us,5047.52
uniform,input,T,level=5,search_sphere_us,4568.61
uniform,input,T,level=5,search_energy_virial_us,4649.85
uniform,input,T,level=5,search_unsorted_threads_us,15937.1
uniform,input,T,level=5,update_find_us,102.4
uniform,input,T,level=5,update_compact_us,90.112
uniform,input,T,level=5,update_insert_us,22.528
uniform,input,T,level=5,update_us,215.04
uniform,input,T,level=5;height=1,update_climb,0.485981
uniform,input,T,level=5;height=2,update_climb,0.242991
uniform,input,T,level=5;height=3,update_climb,0.149533
uniform,input,T,level=5;height=4,update_climb,0.0654206
uniform,input,T,level=5;height=5,update_climb,0.0560748
uniform,input,T,level=5,leave_leaf_fraction_per_step,0.000107
uniform,input,T,level=6,leaf_side_A,16.1406
uniform,input,T,level=6,atoms_per_leaf,3.8147
uniform,input,T,level=6,fullest_leaf,17
uniform,input,T,level=6,capacity_eq8,6
uniform,input,T,level=6,atoms_over_eq8,41468
uniform,input,T,level=6,capacity_used,17
uniform,input,T,level=6,bytes,4.56597e+07
uniform,input,T,level=6,candidates_per_atom_box,43.6771
uniform,input,T,level=6,candidates_per_atom_sphere,36.2391
uniform,input,T,level=6,pairs_per_atom,3.93682
uniform,input,T,level=6,query_box_leaves_cell_fraction,0.057817
uniform,input,T,level=6;height=0,climb_periodic,0
uniform,input,T,level=6;height=1,climb_periodic,0.052039
uniform,input,T,level=6;height=2,climb_periodic,0.271004
uniform,input,T,level=6;height=3,climb_periodic,0.27529
uniform,input,T,level=6;height=4,climb_periodic,0.184027
uniform,input,T,level=6;height=5,climb_periodic,0.104237
uniform,input,T,level=6;height=6,climb_periodic,0.113403
uniform,input,T,level=6;height=0,climb_not_periodic,2e-06
uniform,input,T,level=6;height=1,climb_not_periodic,0.060645
uniform,input,T,level=6;height=2,climb_not_periodic,0.290957
uniform,input,T,level=6;height=3,climb_not_periodic,0.289701
uniform,input,T,level=6;height=4,climb_not_periodic,0.192148
uniform,input,T,level=6;height=5,climb_not_periodic,0.108781
uniform,input,T,level=6;height=6,climb_not_periodic,0.057766
uniform,input,T,level=6,search_box_us,4853.04
uniform,input,T,level=6,search_sphere_us,3556.01
uniform,input,T,level=6,search_energy_virial_us,3516.1
uniform,input,T,level=6,search_unsorted_threads_us,13678.6
uniform,input,T,level=6,update_find_us,214.784
uniform,input,T,level=6,update_compact_us,143.36
uniform,input,T,level=6,update_insert_us,20.48
uniform,input,T,level=6,update_us,378.624
uniform,input,T,level=6;height=1,update_climb,0.532751
uniform,input,T,level=6;height=2,update_climb,0.227074
uniform,input,T,level=6;height=3,update_climb,0.113537
uniform,input,T,level=6;height=4,update_climb,0.069869
uniform,input,T,level=6;height=5,update_climb,0.0305677
uniform,input,T,level=6;height=6,update_climb,0.0262009
uniform,input,T,level=6,leave_leaf_fraction_per_step,0.000229
uniform,input,T,level=7,leaf_side_A,8.07031
uniform,input,T,level=7,atoms_per_leaf,0.476837
uniform,input,T,level=7,fullest_leaf,7
uniform,input,T,level=7,capacity_eq8,1
uniform,input,T,level=7,atoms_over_eq8,204515
uniform,input,T,level=7,capacity_used,7
uniform,input,T,level=7,bytes,1.69392e+08
uniform,input,T,level=7,candidates_per_atom_box,20.5861
uniform,input,T,level=7,candidates_per_atom_sphere,15.0719
uniform,input,T,level=7,pairs_per_atom,3.93682
uniform,input,T,level=7,query_box_leaves_cell_fraction,0.057817
uniform,input,T,level=7;height=0,climb_periodic,0
uniform,input,T,level=7;height=1,climb_periodic,0
uniform,input,T,level=7;height=2,climb_periodic,0.052039
uniform,input,T,level=7;height=3,climb_periodic,0.271004
uniform,input,T,level=7;height=4,climb_periodic,0.27529
uniform,input,T,level=7;height=5,climb_periodic,0.184027
uniform,input,T,level=7;height=6,climb_periodic,0.104237
uniform,input,T,level=7;height=7,climb_periodic,0.113403
uniform,input,T,level=7;height=0,climb_not_periodic,0
uniform,input,T,level=7;height=1,climb_not_periodic,2e-06
uniform,input,T,level=7;height=2,climb_not_periodic,0.060645
uniform,input,T,level=7;height=3,climb_not_periodic,0.290957
uniform,input,T,level=7;height=4,climb_not_periodic,0.289701
uniform,input,T,level=7;height=5,climb_not_periodic,0.192148
uniform,input,T,level=7;height=6,climb_not_periodic,0.108781
uniform,input,T,level=7;height=7,climb_not_periodic,0.057766
uniform,input,T,level=7,search_box_us,15443.8
uniform,input,T,level=7,search_sphere_us,10978
uniform,input,T,level=7,search_energy_virial_us,11351.6
uniform,input,T,level=7,search_unsorted_threads_us,39588.6
uniform,input,T,level=7,update_find_us,811.008
uniform,input,T,level=7,update_compact_us,131.072
uniform,input,T,level=7,update_insert_us,20.48
uniform,input,T,level=7,update_us,962.56
uniform,input,T,level=7;height=1,update_climb,0.491111
uniform,input,T,level=7;height=2,update_climb,0.271111
uniform,input,T,level=7;height=3,update_climb,0.115556
uniform,input,T,level=7;height=4,update_climb,0.0577778
uniform,input,T,level=7;height=5,update_climb,0.0355556
uniform,input,T,level=7;height=6,update_climb,0.0155556
uniform,input,T,level=7;height=7,update_climb,0.0133333
uniform,input,T,level=7,leave_leaf_fraction_per_step,0.00045
uniform,input,T,,best_level,6
uniform,input,T,,best_search_us,3556.01
uniform,input,G,divisor=2,grid_sort_us,1160.65
uniform,input,G,divisor=2,candidates_per_atom,14.7201
uniform,input,G,divisor=2,pairs_per_atom,3.93682
uniform,input,G,divisor=2,bytes,1.29876e+08
uniform,input,G,divisor=2,search_thread_us,503.434
uniform,input,G,divisor=2,search_warp_us,8620.45
uniform,input,G,divisor=2,search_energy_virial_us,654.188
